form,root,pos,modification
aMSayitvA,aMSa,gerund,
aktvA,aYc,gerund,
aktvA,aYj,gerund,
agadyitvA,agada,gerund,
aGAyitvA,aGa,gerund,
aNkayitvA,aNka,gerund,
aNKayitvA,aNKa,gerund,
aNgitvA,aNg,gerund,
ajitvA,aj,gerund,
ajirAyitvA,ajira,gerund,
aYcayitvA,aYc,gerund,caus
aYcitvA,aYc,gerund,
aYjayitvA,aYj,gerund,caus
aYjitvA,aYj,gerund,
awitvA,aw,gerund,
atitvA,at,gerund,
attvA,ad#1,gerund,
aDvarIyitvA,aDvara,gerund,
aDvaryitvA,aDvara,gerund,
anitvA,an#2,gerund,
aninizitvA,an#2,gerund,desid
anDayitvA,anDa,gerund,
apsarAyitvA,apsaras,gerund,
aBrAyitvA,aBra,gerund,
amitrayitvA,amitra,gerund,
amitvA,am,gerund,
aririzitvA,f,gerund,desid
arcayitvA,fc#1,gerund,caus
arcicizitvA,fc#1,gerund,desid
arcitvA,fc#1,gerund,
arjayitvA,fj,gerund,caus
arjitvA,fj,gerund,
arTayitvA,arT,gerund,
arditvA,ard,gerund,
arDayitvA,fD,gerund,caus
arDitvA,fD,gerund,
arpayitvA,f,gerund,caus
arhayitvA,arh,gerund,caus
arhitvA,arh,gerund,
avitvA,av,gerund,
aSanAyitvA,aSana#2,gerund,
aSanIyitvA,aSana#2,gerund,
aSitvA,aS#1,gerund,
aSitvA,aS#2,gerund,
aSvasyitvA,aSva,gerund,
aSvAyitvA,aSva,gerund,
azwvA,aS#1,gerund,
asitvA,as#2,gerund,
asUyitvA,asUya,gerund,
astvA,as#2,gerund,
AkarRayitvA,AkarRa,gerund,
AkulayitvA,Akula,gerund,
AdayitvA,ad#1,gerund,caus
AnayitvA,an#2,gerund,caus
ApayitvA,Ap,gerund,caus
AptvA,Ap,gerund,
AmayitvA,am,gerund,caus
AvayitvA,av,gerund,caus
AvilayitvA,Avila,gerund,
ASayitvA,aS#2,gerund,caus
AsayitvA,As#2,gerund,caus
AsayitvA,as#2,gerund,caus
AsitvA,As#2,gerund,
iNgayitvA,iNg,gerund,caus
iNgitvA,iNg,gerund,
itvA,i,gerund,
idDvA,inD,gerund,
intvA,in,gerund,
inditvA,ind,gerund,
invitvA,inv,gerund,
irasyitvA,iras,gerund,
ilayitvA,il,gerund,caus
iltvA,il,gerund,
izayitvA,iz#1,gerund,caus
izayitvA,iz#2,gerund,caus
izuDyitvA,izuDi,gerund,
izwvA,iz#1,gerund,
izwvA,yaj#1,gerund,
IkzitvA,Ikz,gerund,
INKayitvA,INK,gerund,caus
INKitvA,INK,gerund,
IqitvA,Iq,gerund,
IpsitvA,Ap,gerund,desid
IrayitvA,Ir,gerund,caus
IritvA,Ir,gerund,
IrzitvA,Irz,gerund,
ISitvA,IS#1,gerund,
IzitvA,Iz,gerund,
IhitvA,Ih,gerund,
uktvA,vac,gerund,
ukzitvA,ukz,gerund,
ujJitvA,ujJ,gerund,
uYCitvA,uYC,gerund,
utkaRWayitvA,utkaRW,gerund,caus
utkaRWitvA,utkaRW,gerund,
uttvA,und,gerund,
utvA,vA#3,gerund,
udakIyitvA,udaka,gerund,
udanyitvA,udan,gerund,
uditvA,vad,gerund,
unttvA,und,gerund,
unmanAyitvA,unmanas,gerund,
uptvA,vap#1,gerund,
uptvA,vap#2,gerund,
ubDvA,umB,gerund,
umBitvA,umB,gerund,
urasyitvA,uras,gerund,
uruzwvA,uruz,gerund,
uzasyitvA,uzas,gerund,
uzitvA,vas#1,gerund,
uzitvA,vas#4,gerund,
uzwvA,uz,gerund,
uzwvA,vas#1,gerund,
uzwvA,vas#4,gerund,
UQvA,Uh,gerund,
UQvA,vah#1,gerund,
UtvA,vA#3,gerund,
UrjayitvA,Urj#1,gerund,caus
UzmAyitvA,Uzman,gerund,
UhitvA,Uh,gerund,
ftvA,f,gerund,
fdDvA,fD,gerund,
fzwvA,fz,gerund,
ejayitvA,ej,gerund,caus
ejitvA,ej,gerund,
eDayitvA,eD,gerund,caus
eDitvA,eD,gerund,
elayitvA,il,gerund,caus
ezitvA,iz#1,gerund,
ezitvA,iz#2,gerund,
ocitvA,uc,gerund,
kaRqayitvA,kaRq,gerund,
kaRqUyitvA,kaRqu,gerund,
kaRvAyitvA,kaRva,gerund,
katTitvA,katT,gerund,
kaTayitvA,kaT,gerund,
kadarTayitvA,kadarTa,gerund,
kampayitvA,kamp,gerund,caus
kampitvA,kamp,gerund,
karuRAyitvA,karuRa,gerund,
karRayitvA,karRa,gerund,
kartrIyitvA,kartf,gerund,
karpitvA,kfp,gerund,
karSayitvA,kfS,gerund,caus
karSitvA,kfS,gerund,
karzayitvA,kfz,gerund,caus
kalaNkayitvA,kalaNka,gerund,
kalayitvA,kal,gerund,
kalahAyitvA,kalaha,gerund,
kaluzayitvA,kaluza,gerund,
kaluzAyitvA,kaluza,gerund,
kalpayitvA,kxp,gerund,caus
kavalayitvA,kavala,gerund,
kavIyitvA,kavi,gerund,
kazitvA,kaz,gerund,
kazwAyitvA,kazwa,gerund,
kasitvA,kas,gerund,
kANkzitvA,kANkz,gerund,
kAmayitvA,kam,gerund,caus
kArayitvA,kf#1,gerund,caus
kAlayitvA,kal,gerund,caus
kASayitvA,kAS,gerund,caus
kASitvA,kAS,gerund,
kAzayitvA,kaz,gerund,caus
kAsayitvA,kas,gerund,caus
kIrtayitvA,kIrt,gerund,
kIrtvA,kF,gerund,
kucitvA,kuc,gerund,
kuYcayitvA,kuc,gerund,caus
kuYcitvA,kuc,gerund,
kuwwayitvA,kuwwa,gerund,
kuwwvA,kuw,gerund,
kuRWitvA,kuRW,gerund,
kuRqayitvA,kuRq,gerund,caus
kuRqitvA,kuRq,gerund,
kutsayitvA,kuts,gerund,
kutsitvA,kuts,gerund,
kunTitvA,kunT,gerund,
kupitvA,kup,gerund,
kultvA,kul,gerund,
kusumayitvA,kusuma,gerund,
kUjitvA,kUj,gerund,
kUtvA,kU,gerund,
kfcCrAyitvA,kfcCra,gerund,
kfttvA,kft#1,gerund,
kftvA,kf#1,gerund,
kfpayitvA,kfp,gerund,caus
kfptvA,kfp,gerund,
kfzwvA,kfz,gerund,
kxptvA,kxp,gerund,
kelAyitvA,kelA,gerund,
kocitvA,kuc,gerund,
kopitvA,kup,gerund,
kranditvA,krand,gerund,
kramayitvA,kram,gerund,caus
kramitvA,kram,gerund,
krAntvA,kram,gerund,
krApayitvA,krI,gerund,caus
krAmayitvA,kram,gerund,caus
krIqayitvA,krIq,gerund,caus
krIqitvA,krIq,gerund,
krItvA,krI,gerund,
kruYcitvA,kruYc#1,gerund,
krudDvA,kruD#1,gerund,
kruzwvA,kruS,gerund,
kroDayitvA,kruD#1,gerund,caus
klantvA,klam,gerund,
klAmayitvA,klam,gerund,caus
klintvA,klid,gerund,
kliSitvA,kliS,gerund,
klizwvA,kliS,gerund,
klIbatvA,klIba,gerund,
klIbAyitvA,klIba,gerund,
kledayitvA,klid,gerund,caus
kleSayitvA,kliS,gerund,caus
kleSitvA,kliS,gerund,
kvaTitvA,kvaT,gerund,
kvATayitvA,kvaT,gerund,caus
kzattvA,kzad,gerund,
kzatvA,kzan,gerund,
kzanitvA,kzan,gerund,
kzapayitvA,kzI,gerund,caus
kzaptvA,kzap,gerund,
kzamayitvA,kzam,gerund,caus
kzamitvA,kzam,gerund,
kzaritvA,kzar,gerund,
kzAntvA,kzam,gerund,
kzAmayitvA,kzam,gerund,caus
kzAlayitvA,kzal,gerund,caus
kziptvA,kzip,gerund,
kzItvA,kzI,gerund,
kzItvA,kzi,gerund,
kzIrasyitvA,kzIra,gerund,
kzuttvA,kzud,gerund,
kzutvA,kzu,gerund,
kzuDitvA,kzuD#1,gerund,
kzubDvA,kzuB,gerund,
kzuBitvA,kzuB,gerund,
kzepayitvA,kzip,gerund,caus
kzoDitvA,kzuD#1,gerund,
kzoBayitvA,kzuB,gerund,caus
kzoBitvA,kzuB,gerund,
kzveqayitvA,kzviq,gerund,caus
kzveqitvA,kzviq,gerund,
KaqayitvA,Kaqa,gerund,
KaRqayitvA,KaRqa,gerund,
KanitvA,Kan,gerund,
KAtvA,Kan,gerund,
KAditvA,KAd,gerund,
KAnayitvA,Kan,gerund,caus
KintvA,Kid,gerund,
KedayitvA,Kid,gerund,caus
KelayitvA,Kel,gerund,caus
KelAyitvA,Kela,gerund,
KeltvA,Kel,gerund,
KyAtvA,KyA,gerund,
KyApayitvA,KyA,gerund,caus
gaktvA,gaj,gerund,
gaRayitvA,gaR,gerund,
gatvA,gam,gerund,
gadayitvA,gad,gerund,caus
gaditvA,gad,gerund,
gadgadyitvA,gadgada,gerund,
gamayitvA,gam,gerund,caus
garjitvA,garj,gerund,
garditvA,gard,gerund,
garDayitvA,gfD,gerund,caus
garDitvA,gfD,gerund,
garvayitvA,garva,gerund,
garvAyitvA,garva,gerund,
garhayitvA,garh,gerund,
garhitvA,garh,gerund,
galitvA,gal,gerund,
galBitvA,galB,gerund,
gavezayitvA,gavez,gerund,
gavezwvA,gavez,gerund,
gavyitvA,go,gerund,
gAQvA,gAh,gerund,
gAlayitvA,gal,gerund,caus
gAhitvA,gAh,gerund,
gItvA,gA#2,gerund,
gIrtvA,gF#1,gerund,
gIrtvA,gF#2,gerund,
guYjitvA,guYj,gerund,
guRWayitvA,guRW,gerund,caus
gupayitvA,gup,gerund,
gumPitvA,gumP,gerund,
gurtvA,gur,gerund,
gUQvA,guh,gerund,
gUhayitvA,guh,gerund,caus
gUhitvA,guh,gerund,
gfdDvA,gfD,gerund,
gfBItvA,grah,gerund,
gfhItvA,grah,gerund,
gopAyitvA,gopA,gerund,
granTitvA,granT,gerund,
grasitvA,gras,gerund,
grastvA,gras,gerund,
grAhayitvA,grah,gerund,caus
glapayitvA,glE,gerund,caus
glAtvA,glE,gerund,
GawayitvA,Gaw,gerund,caus
GawitvA,Gaw,gerund,
GawwayitvA,Gaww,gerund,
GawwitvA,Gaww,gerund,
GarzitvA,Gfz,gerund,
GAwayitvA,Gaw,gerund,caus
GAtayitvA,han#1,gerund,caus
GuzitvA,Guz,gerund,
GuzwvA,Guz,gerund,
GUrRitvA,GUrR,gerund,
GftvA,Gf,gerund,
GfzwvA,Gfz,gerund,
GozayitvA,Guz,gerund,caus
GozitvA,Guz,gerund,
GrAtvA,GrA,gerund,
cakAstvA,cakAs,gerund,
caYcitvA,caYc,gerund,
cawitvA,caw,gerund,
cantvA,cam,gerund,
canditvA,cand,gerund,
capayitvA,ci,gerund,caus
camitvA,cam,gerund,
cayayitvA,ci,gerund,caus
caritvA,car,gerund,
carcayitvA,carca,gerund,
cartvA,car,gerund,
calitvA,cal,gerund,
cazwvA,cakz,gerund,
cAtayitvA,cat,gerund,caus
cApayitvA,ci,gerund,caus
cAyayitvA,ci,gerund,caus
cArayitvA,car,gerund,caus
cAlayitvA,cal,gerund,caus
cikitsitvA,cit#1,gerund,desid
cikIrzitvA,kf#1,gerund,desid
cikIzitvA,ci,gerund,desid
cikrIzitvA,krI,gerund,desid
cicIzitvA,ci,gerund,desid
cittvA,cit#1,gerund,
citrIyitvA,citra,gerund,
citvA,ci,gerund,
cintayitvA,cint,gerund,
cIrtvA,car,gerund,
cukzUzitvA,kzu,gerund,desid
cuditvA,cud,gerund,
cumbitvA,cumb,gerund,
curayitvA,cur,gerund,
cUrRayitvA,cUrRa,gerund,
cUzwvA,cUz,gerund,
cetayitvA,cit#1,gerund,caus
cezwayitvA,cezw,gerund,caus
cezwitvA,cezw,gerund,
codayitvA,cud,gerund,caus
coditvA,cud,gerund,
copayitvA,kup,gerund,caus
cyutvA,cyu,gerund,
CattvA,Cad#1,gerund,
CandayitvA,Cand,gerund,caus
CanditvA,Cand,gerund,
CalayitvA,Cala,gerund,
CAdayitvA,Cad#1,gerund,caus
CittvA,Cid#1,gerund,
CidrayitvA,Cidra,gerund,
CurayitvA,Cur,gerund,caus
CedayitvA,Cid#1,gerund,caus
jagDvA,jakz,gerund,
janayitvA,jan,gerund,caus
jantvA,jam,gerund,
japtvA,jap,gerund,
jabDvA,jaB#1,gerund,
jabDvA,jaB#2,gerund,
jamitvA,jam,gerund,
jarayitvA,jF,gerund,caus
jalAyitvA,jala,gerund,
jalpitvA,jalp,gerund,
jasitvA,jas,gerund,
jastvA,jas,gerund,
jAgarayitvA,jAgf,gerund,caus
jAgaritvA,jAgf,gerund,
jAtvA,jan,gerund,
jApayitvA,ji,gerund,caus
jAsayitvA,jas,gerund,caus
jigadizitvA,gad,gerund,desid
jigamizitvA,gam,gerund,desid
jigIzitvA,ji,gerund,desid
jiGAMsitvA,han#1,gerund,desid
jiGfkzitvA,grah,gerund,desid
jijIvizitvA,jIv,gerund,desid
jijYAsitvA,jYA#1,gerund,desid
jitvA,ji,gerund,
jinvitvA,jinv,gerund,
jihIrzitvA,hf#1,gerund,desid
jItvA,jyA#1,gerund,
jIrtvA,jF,gerund,
jIvitvA,jIv,gerund,
jugupsitvA,gup,gerund,desid
juzwvA,juz#1,gerund,
juhUzitvA,hu,gerund,desid
jUtvA,jU,gerund,
jfmBitvA,jfmB,gerund,
jozayitvA,juz#1,gerund,caus
jYapayitvA,jYA#1,gerund,caus
jYapitvA,jYA#1,gerund,caus
jYAtvA,jYA#1,gerund,
jYApayitvA,jYA#1,gerund,caus
jyuttvA,jyut,gerund,
jyotayitvA,jyut,gerund,caus
jvartvA,jvar,gerund,
jvalayitvA,jval,gerund,caus
jvalitvA,jval,gerund,
qambayitvA,qamb,gerund,
qItvA,qI,gerund,
taktvA,tak,gerund,
taktvA,taYc,gerund,
takzitvA,takz,gerund,
taYcitvA,taYc,gerund,
tatvA,tan#1,gerund,
tanitvA,tan#1,gerund,
tantrayitvA,tantra,gerund,
tantvA,tan#2,gerund,
tantvA,tam,gerund,
tandrayitvA,tandr,gerund,
tapasyitvA,tapas,gerund,
tapitvA,tap,gerund,
taptvA,tap,gerund,
tamitvA,tam,gerund,
taruRayitvA,taruRa,gerund,
taruRAyitvA,taruRa,gerund,
tarkayitvA,tark,gerund,
tarjayitvA,tarj,gerund,caus
tarjitvA,tarj,gerund,
tarpayitvA,tfp#1,gerund,caus
tarzitvA,tfz,gerund,
tavizIyitvA,taviza,gerund,
tazwvA,takz,gerund,
tAqayitvA,taq,gerund,caus
tApayitvA,tap,gerund,caus
tArayitvA,tF,gerund,caus
tiktvA,tij,gerund,
titikzitvA,tij,gerund,desid
titIrzitvA,tF,gerund,desid
tirasyitvA,tiras,gerund,
tIrtvA,tF,gerund,
tuttvA,tud#1,gerund,
tuptvA,tup,gerund,
tulayitvA,tul,gerund,
tuzwUzitvA,stu,gerund,desid
tuzwvA,tuz,gerund,
tuhinayitvA,tuhina,gerund,
tUrtvA,tvar,gerund,
tfttvA,tfd,gerund,
tfptvA,tfp#1,gerund,
tejayitvA,tij,gerund,caus
tozayitvA,tuz,gerund,caus
tyaktvA,tyaj#1,gerund,
tyAjayitvA,tyaj#1,gerund,caus
trapayitvA,trap,gerund,caus
trapitvA,trap,gerund,
traptvA,trap,gerund,
trastvA,tras,gerund,
trAtvA,trE,gerund,
trAsayitvA,tras,gerund,caus
truwitvA,truw,gerund,
trowayitvA,truw,gerund,caus
trowitvA,truw,gerund,
tvakzitvA,tvakz,gerund,
tvarayitvA,tvar,gerund,caus
tvaritvA,tvar,gerund,
tvazwvA,tvakz,gerund,
tvizitvA,tviz#1,gerund,
tvezitvA,tviz#1,gerund,
tsartvA,tsar,gerund,
daMSitvA,daMS,gerund,
dakzitvA,dakz,gerund,
dagDvA,daG,gerund,
dagDvA,dah#1,gerund,
daRqayitvA,daRqa,gerund,
dattvA,dA#1,gerund,
dabDvA,daB,gerund,
damayitvA,dam#1,gerund,caus
damitvA,dam#1,gerund,
dayitvA,day,gerund,
darpayitvA,dfp,gerund,caus
darpitvA,dfp,gerund,
darBayitvA,dfB,gerund,caus
darSayitvA,dfS#1,gerund,caus
dalitvA,dal,gerund,
dasitvA,das,gerund,
dastvA,das,gerund,
dAntvA,dam#1,gerund,
dApayitvA,dA#1,gerund,caus
dArayitvA,dF,gerund,caus
dAvayitvA,du,gerund,caus
dASayitvA,dAS#1,gerund,caus
dAzwvA,dAS#1,gerund,
dAsayitvA,das,gerund,caus
dAhayitvA,dah#1,gerund,caus
digDvA,dih,gerund,
ditvA,dA#2,gerund,
ditsitvA,dA#1,gerund,desid
didikzitvA,diS#1,gerund,desid
didfkzitvA,dfS#1,gerund,desid
diDizitvA,DA#1,gerund,desid
diDyAsitvA,DyA,gerund,desid
dizwvA,diS#1,gerund,
dIkzayitvA,dIkz,gerund,caus
dIkzitvA,dIkz,gerund,
dItvA,dA#3,gerund,
dIpayitvA,dIp,gerund,caus
dIptvA,dIp,gerund,
dIrtvA,dF,gerund,
dIvitvA,dIv#1,gerund,
duHKyitvA,duHKa,gerund,
dugDvA,duh#1,gerund,
dutvA,du,gerund,
dudUzitvA,du,gerund,desid
dudrUzitvA,dru#1,gerund,desid
duDukzitvA,duh#1,gerund,desid
durdinAyitvA,durdina,gerund,
duzwvA,duz,gerund,
dUzayitvA,duz,gerund,caus
dfQvA,dfh,gerund,
dfptvA,dfp,gerund,
dfbDvA,dfB,gerund,
dfzwvA,dfS#1,gerund,
devayitvA,deva,gerund,
devayitvA,dev,gerund,caus
devayitvA,dIv#1,gerund,caus
devtvA,dev,gerund,
deSayitvA,diS#1,gerund,caus
dehayitvA,dih,gerund,caus
dolayitvA,dola,gerund,
dohayitvA,duh#1,gerund,caus
dyutitvA,dyut#1,gerund,
dyuttvA,dyut#1,gerund,
dyUtvA,dIv#1,gerund,
dyotayitvA,dyut#1,gerund,caus
dyotitvA,dyut#1,gerund,
drAtvA,drA#1,gerund,
drAtvA,drA#2,gerund,
drApayitvA,drA#1,gerund,caus
drArayitvA,druh#1,gerund,caus
drAvayitvA,dru#1,gerund,caus
drugDvA,druh#1,gerund,
drutvA,dru#1,gerund,
druhitvA,druh#1,gerund,
drUQvA,druh#1,gerund,
drohitvA,druh#1,gerund,
dvizwvA,dviz#1,gerund,
DanAyitvA,Dana,gerund,
DanIyitvA,Dana,gerund,
DarzayitvA,Dfz,gerund,caus
DarzitvA,Dfz,gerund,
DApayitvA,DA#1,gerund,caus
DArayitvA,Df,gerund,caus
DAvitvA,DAv#1,gerund,
DAvtvA,DAv#1,gerund,
DitvA,DA#1,gerund,
DitsitvA,DA#1,gerund,desid
DItvA,DI#1,gerund,
DItvA,DA#2,gerund,
DIrayitvA,DIra#1,gerund,
DukzayitvA,Dukz,gerund,caus
DukzitvA,Dukz,gerund,
DutvA,DU#1,gerund,
DUtvA,DU#1,gerund,
DUmAyitvA,DUma,gerund,
DUrtvA,Dvf,gerund,
DftvA,Df,gerund,
DOtvA,DAv#2,gerund,
DmAtvA,Dam,gerund,
DyAtvA,DyA,gerund,
DrutvA,Dru,gerund,
DvaMsayitvA,DvaMs,gerund,caus
DvaMsitvA,DvaMs,gerund,
DvanayitvA,Dvan,gerund,caus
DvanitvA,Dvan,gerund,
DvastvA,DvaMs,gerund,
DvANkzitvA,DvANkz,gerund,
DvArayitvA,Dvf,gerund,caus
natvA,nam,gerund,
nadayitvA,nad,gerund,caus
naditvA,nad,gerund,
nadDvA,nah,gerund,
nandayitvA,nand,gerund,caus
nanditvA,nand,gerund,
namasyitvA,namas,gerund,
nartayitvA,nft,gerund,caus
narditvA,nard,gerund,
naSitvA,naS#1,gerund,
nazwvA,naS#1,gerund,
nAtTvA,nAT,gerund,
nAdayitvA,nad,gerund,caus
nAmayitvA,nam,gerund,caus
nAyayitvA,nI#1,gerund,caus
nAvyitvA,nO#1,gerund,
nASayitvA,naS#1,gerund,caus
nikazAyitvA,nikaza,gerund,
niktvA,nij,gerund,
ninadizitvA,nad,gerund,desid
ninartizitvA,nft,gerund,desid
ninIzitvA,nI#1,gerund,desid
ninftsitvA,nft,gerund,desid
ninditvA,nind,gerund,
nItvA,nI#1,gerund,
nIhArAyitvA,nIhAra,gerund,
nuttvA,nud,gerund,
nutvA,nu#1,gerund,
nfttvA,nft,gerund,
nejayitvA,nij,gerund,caus
nenikzitvA,nij,gerund,desid
nodayitvA,nud,gerund,caus
paktvA,pac,gerund,
pawapawAyitvA,pawapawA,gerund,
pawwvA,paw,gerund,
paWitvA,paW,gerund,
paRayitvA,paR,gerund,caus
paRitvA,paR,gerund,
patitvA,pat#1,gerund,
pattvA,pat#2,gerund,
pattvA,pad#1,gerund,
patTvA,paT,gerund,
payasyitvA,payas,gerund,
payAyitvA,payas,gerund,
parzitvA,pfz,gerund,
palAyitvA,palAy,gerund,
pavitrayitvA,pavitra,gerund,
pAcayitvA,pac,gerund,caus
pAwayitvA,paw,gerund,caus
pAWayitvA,paW,gerund,caus
pAtayitvA,pat#1,gerund,caus
pATayitvA,paT,gerund,caus
pAdayitvA,pad#1,gerund,caus
pAyayitvA,pA#1,gerund,caus
pArayitvA,pf#1,gerund,caus
pArayitvA,pF,gerund,caus
pAlayitvA,pA#2,gerund,caus
pASayitvA,pASa,gerund,
piYjitvA,piYj,gerund,
piRqayitvA,piRqa,gerund,
pipakzitvA,pac,gerund,desid
pipaWizitvA,paW,gerund,desid
pipatizitvA,pat#1,gerund,desid
pipAsitvA,pA#1,gerund,desid
pipAsitvA,pA#2,gerund,desid
piprIzitvA,prI,gerund,desid
pizwvA,piz,gerund,
pizwvA,piS#1,gerund,
pIqayitvA,pIq,gerund,
pItvA,pA#1,gerund,
pItvA,pA#2,gerund,
pItvA,pi#2,gerund,
pIyUzavarzAyitvA,pIyUzavarza,gerund,
putTvA,puT,gerund,
putrakAmyitvA,putrakAma,gerund,
putriyitvA,putra,gerund,
putrIyitvA,putra,gerund,
pupUrzitvA,pF,gerund,desid
pulakayitvA,pulaka,gerund,
puzkarAyitvA,puzkara,gerund,
puzwvA,puz#1,gerund,
puzpAyitvA,puzpa,gerund,
puzpyitvA,puzpa,gerund,
pUjayitvA,pUj,gerund,
pUtvA,pUy,gerund,
pUtvA,pU#1,gerund,
pUrayitvA,pF,gerund,caus
pUrtvA,pF,gerund,
pUlatvA,pUla,gerund,
pUlayitvA,pUla,gerund,
pfktvA,pfc,gerund,
pfTayitvA,pfT,gerund,
pfzwvA,pfz,gerund,
pfzwvA,praS,gerund,
poTayitvA,puT,gerund,caus
pozayitvA,puz#1,gerund,caus
pyAtvA,pyA,gerund,
pracCayitvA,praS,gerund,caus
pratikUlayitvA,pratikUla,gerund,
praTayitvA,praT,gerund,caus
praTitvA,praT,gerund,
prasAdayitvA,prasAda,gerund,
prAvayitvA,pru,gerund,caus
prAsAdIyitvA,prAsAda,gerund,
pritvA,pf#1,gerund,
priyAyitvA,priya,gerund,
prIRayitvA,prI,gerund,caus
prItvA,prI,gerund,
prUtvA,pru,gerund,
plAvayitvA,plu,gerund,caus
plutvA,plu,gerund,
pluzwvA,pluz,gerund,
PalitvA,Pal,gerund,
PullitvA,Pull,gerund,
PenAyitvA,Pena,gerund,
baMhayitvA,baMh,gerund,caus
banDayitvA,banD,gerund,caus
banDitvA,banD,gerund,
barhitvA,bfh#2,gerund,
bahitvA,baMh,gerund,
bADayitvA,bAD,gerund,caus
bADitvA,bAD,gerund,
bAzpAyitvA,bAzpa,gerund,
bIBatsitvA,bAD,gerund,desid
budDvA,buD#1,gerund,
buBukzitvA,Buj#2,gerund,desid
buButsitvA,buD#1,gerund,desid
buBUzitvA,BU#1,gerund,desid
buBodizitvA,buD#1,gerund,desid
buBoDizitvA,buD#1,gerund,desid
bfMhayitvA,bfh#1,gerund,caus
bfQvA,bfh#1,gerund,
bfQvA,bfh#2,gerund,
boDayitvA,buD#1,gerund,caus
BaktvA,Baj,gerund,
BaktvA,BaYj,gerund,
BakzayitvA,Bakz,gerund,caus
BakzitvA,Bakz,gerund,
BaYjayitvA,BaYj,gerund,caus
BaRitvA,BaR,gerund,
BaRqitvA,BaRq,gerund,
BanditvA,Band,gerund,
BartsayitvA,Barts,gerund,
BazwvA,Baz,gerund,
BasitvA,Bas,gerund,
BAtvA,BA#1,gerund,
BAyayitvA,BI#1,gerund,caus
BArayitvA,Bf,gerund,caus
BAvayitvA,BU#1,gerund,caus
BAzitvA,BAz,gerund,
BAsayitvA,BAs#1,gerund,caus
BAsitvA,BAs#1,gerund,
BikzitvA,Baj,gerund,desid
BittvA,Bid#1,gerund,
BizajyitvA,Bizaj,gerund,
BItvA,BI#1,gerund,
BIzayitvA,BI#1,gerund,caus
BuktvA,Buj#1,gerund,
BuktvA,Buj#2,gerund,
BuYjApayitvA,Buj#2,gerund,caus
BUtvA,BU#1,gerund,
BUzayitvA,BUz,gerund,caus
BUzitvA,BUz,gerund,
BftvA,Bf,gerund,
BfSAyitvA,BfSa,gerund,
BfzwvA,Bfjj,gerund,
BedayitvA,Bid#1,gerund,caus
BojayitvA,Buj#2,gerund,caus
BraMSayitvA,BraMS,gerund,caus
BraMSitvA,BraMS,gerund,
BramitvA,Bram,gerund,
BrazwvA,BraMS,gerund,
BrAjayitvA,BrAj,gerund,caus
BrAjitvA,BrAj,gerund,
BrAntvA,Bram,gerund,
BrAmayitvA,Bram,gerund,caus
maMhayitvA,maMh,gerund,caus
maktvA,majj,gerund,
majjayitvA,majj,gerund,caus
maRqayitvA,maRq,gerund,caus
maRqitvA,maRq,gerund,
mattvA,mad#1,gerund,
matvA,man,gerund,
maTitvA,manT,gerund,
madayitvA,mad#1,gerund,caus
maDusyitvA,maDu,gerund,
maDvasyitvA,maDu,gerund,
mantUyitvA,mantu,gerund,
mantrayitvA,mantra,gerund,
mandayitvA,mand#1,gerund,caus
manditvA,mand#1,gerund,
mardayitvA,mfd#1,gerund,caus
marDitvA,mfD,gerund,
marSayitvA,mfS,gerund,caus
marzayitvA,mfz,gerund,caus
malinayitvA,malina,gerund,
mahayitvA,mah,gerund,caus
mahitvA,mah,gerund,
mahitvA,maMh,gerund,
mahIyitvA,mahI#2,gerund,
mAMsIyitvA,mAMsa,gerund,
mAtvA,man,gerund,
mAdayitvA,mad#1,gerund,caus
mAnayitvA,man,gerund,caus
mApayitvA,mA#1,gerund,caus
mArayitvA,mf,gerund,caus
mArgayitvA,mArg,gerund,
mArjayitvA,mfj,gerund,caus
mArjitvA,mfj,gerund,
mAlayitvA,mAlA,gerund,
mAlyaguRAyitvA,mAlyaguRa,gerund,
mitTvA,miT,gerund,
mitvA,mi,gerund,
mitvA,mA#1,gerund,
militvA,mil,gerund,
miSrayitvA,miSra,gerund,
mizitvA,miz,gerund,
mizwvA,miz,gerund,
mIQvA,mih,gerund,
mItvA,mI,gerund,
mItvA,mA#3,gerund,
mItvA,mA#4,gerund,
mImAMsitvA,man,gerund,desid
mIlayitvA,mIl,gerund,caus
mIlitvA,mIl,gerund,
mukulayitvA,mukula,gerund,
muktvA,muc#1,gerund,
muKarayitvA,muKara,gerund,
mugDvA,muh,gerund,
muRqayitvA,muRqa,gerund,
muditvA,mud#1,gerund,
mudrayitvA,mudrA,gerund,
mumukzitvA,muc#1,gerund,desid
mumUrzitvA,mf,gerund,desid
muzitvA,muz#1,gerund,
muhitvA,muh,gerund,
mUQvA,muh,gerund,
mUtrayitvA,mUtra,gerund,
mUrcCitvA,mUrcC,gerund,
mUrCayitvA,mUrC,gerund,caus
mUrCitvA,mUrC,gerund,
mfgayitvA,mfga,gerund,
mfwwvA,mfq,gerund,
mfqayitvA,mfq,gerund,
mfttvA,mfd#1,gerund,
mftvA,mf,gerund,
mfdDvA,mfD,gerund,
mfzAyitvA,mfzA,gerund,
mfzwvA,mfz,gerund,
mfzwvA,mfj,gerund,
mfzwvA,mfS,gerund,
meGAyitvA,meGa,gerund,
meDayitvA,meDA,gerund,
melApayitvA,mil,gerund,caus
melitvA,mil,gerund,
mezitvA,miz,gerund,
mokzayitvA,mokz,gerund,
mokzitvA,mokz,gerund,
mocayitvA,muc#1,gerund,caus
modayitvA,mud#1,gerund,caus
moditvA,mud#1,gerund,
mozitvA,muz#1,gerund,
mohayitvA,muh,gerund,caus
mohitvA,muh,gerund,
mnAtvA,mnA,gerund,
mreqayitvA,mreq,gerund,caus
mlAtvA,mlA,gerund,
mlizwvA,mlecC,gerund,
mlecCitvA,mlecC,gerund,
mlezwvA,mlecC,gerund,
yatitvA,yat#1,gerund,
yattvA,yat#1,gerund,
yatvA,yam,gerund,
yantrayitvA,yantra,gerund,
yabDvA,yaB,gerund,
yamayitvA,yam,gerund,caus
yasitvA,yas,gerund,
yastvA,yas,gerund,
yAcitvA,yAc,gerund,
yAjayitvA,yaj#1,gerund,caus
yAtayitvA,yat#1,gerund,caus
yAtvA,yA#1,gerund,
yApayitvA,yA#1,gerund,caus
yAvayitvA,yu#2,gerund,caus
yiyakzitvA,yaj#1,gerund,desid
yiyatizitvA,yat#1,gerund,desid
yiyAsitvA,yA#1,gerund,desid
yuktvA,yuj#1,gerund,
yutvA,yu#1,gerund,
yutvA,yu#2,gerund,
yudDvA,yuD#1,gerund,
yuyukzitvA,yuj#1,gerund,desid
yuyutsitvA,yuD#1,gerund,desid
yojayitvA,yuj#1,gerund,caus
raMhitvA,raMh,gerund,
raktvA,raYj,gerund,
rakzayitvA,rakz,gerund,caus
rakzitvA,rakz,gerund,
racayitvA,rac,gerund,
raYjayitvA,raYj,gerund,caus
raYjitvA,raYj,gerund,
raRitvA,raR,gerund,
rattvA,rad,gerund,
ratvA,ram,gerund,
raTakAmyitvA,raTakAma,gerund,
radDvA,raD,gerund,
raDitvA,raD,gerund,
ranDayitvA,raD,gerund,caus
rabDvA,raB,gerund,
ramayitvA,ram,gerund,caus
ramitvA,ram,gerund,
rasayitvA,rasa,gerund,
rahayitvA,rah,gerund,
rAjayitvA,rAj#1,gerund,caus
rAjitvA,rAj#1,gerund,
rAjIyitvA,rAjan,gerund,
rAtvA,rA#1,gerund,
rAdDvA,rAD,gerund,
rADayitvA,rAD,gerund,caus
rAmayitvA,ram,gerund,caus
riktvA,ric,gerund,
ripsitvA,raB,gerund,desid
riraMsitvA,ram,gerund,desid
rirakzizitvA,rakz,gerund,desid
rirADayizitvA,rAD,gerund,desid
rizitvA,riz,gerund,
rizwvA,riz,gerund,
rItvA,ri,gerund,
ruktvA,ruj#1,gerund,
rucitvA,ruc#1,gerund,
rutvA,ru,gerund,
ruditvA,rud#1,gerund,
rudDvA,ruD#1,gerund,
rudDvA,ruD#2,gerund,
rurukzitvA,ruh#1,gerund,desid
ruzitvA,ruz#1,gerund,
ruzwvA,ruz#1,gerund,
rUkzayitvA,rUkza,gerund,
rUQvA,ruh#1,gerund,
rUpayitvA,rUp,gerund,
recayitvA,ric,gerund,caus
rezayitvA,riz,gerund,caus
rezitvA,riz,gerund,
rocayitvA,ruc#1,gerund,caus
rocitvA,ruc#1,gerund,
rodayitvA,rud#1,gerund,caus
roditvA,rud#1,gerund,
roDayitvA,ruD#2,gerund,caus
ropayitvA,ruh#1,gerund,caus
romanTAyitvA,romanTa,gerund,
rozayitvA,ruz#1,gerund,caus
rozitvA,ruz#1,gerund,
rohayitvA,ruh#1,gerund,caus
laktvA,lag,gerund,
lakzayitvA,lakz,gerund,
lagitvA,lag,gerund,
laGayitvA,laGa,gerund,
laNgitvA,laNg,gerund,
laNGayitvA,laNG,gerund,caus
laNGitvA,laNG,gerund,
lajjayitvA,lajj,gerund,caus
lajjitvA,lajj,gerund,
lapitvA,lap,gerund,
labDvA,laB,gerund,
lambitvA,lamb,gerund,
lamBayitvA,laB,gerund,caus
lalitvA,lal,gerund,
lavaRasyitvA,lavaRa,gerund,
lazitvA,laz,gerund,
lasitvA,las,gerund,
lAYCitvA,lAYC,gerund,
lApayitvA,lap,gerund,caus
lAlayitvA,lal,gerund,caus
lAlAyitvA,lAlA,gerund,
lAzayitvA,laz,gerund,caus
lAsayitvA,las,gerund,caus
liKitvA,liK,gerund,
liptvA,lip,gerund,
lipsitvA,laB,gerund,desid
lilazizitvA,laz,gerund,desid
lizwvA,liS,gerund,
lIQvA,lih#1,gerund,
lItvA,lI,gerund,
luRWayitvA,luRW,gerund,caus
luRWitvA,luRW,gerund,
luptvA,lup,gerund,
lubDvA,luB,gerund,
luBitvA,luB,gerund,
lulitvA,lul,gerund,
lUtvA,lU#1,gerund,
leKayitvA,liK,gerund,caus
leKitvA,liK,gerund,
lepayitvA,lip,gerund,caus
lelAyitvA,lelA,gerund,
lokayitvA,lok,gerund,
lokitvA,lok,gerund,
locitvA,loc,gerund,
loWayitvA,luRW,gerund,caus
loBayitvA,luB,gerund,caus
loBitvA,luB,gerund,
lolitvA,lul,gerund,
lohitAyitvA,lohita,gerund,
vakzayitvA,vakz,gerund,caus
vaNktvA,vaYc,gerund,
vaYcayitvA,vaYc,gerund,caus
vaYcitvA,vaYc,gerund,
vatvA,van,gerund,
vaditvA,vad,gerund,
vanditvA,vand,gerund,
varayitvA,vf#2,gerund,caus
varitvA,vf#2,gerund,
varivasyitvA,varivas,gerund,
varItvA,vf#2,gerund,
varjayitvA,vfj,gerund,caus
varRayitvA,varRa,gerund,
vartayitvA,vft#1,gerund,caus
varDayitvA,vfD#1,gerund,caus
varDitvA,vfD#1,gerund,
varzayitvA,vfz,gerund,caus
varzitvA,vfz,gerund,
varhitvA,vfh,gerund,
valayitvA,val,gerund,caus
valitvA,val,gerund,
valgitvA,valg,gerund,
valgUyitvA,valgu,gerund,
vasitvA,vas#1,gerund,
vasitvA,vas#2,gerund,
vasitvA,vas#4,gerund,
vAcayitvA,vac,gerund,caus
vAcyitvA,vAc,gerund,
vAYCitvA,vAYC,gerund,
vAtvA,vA#2,gerund,
vAdayitvA,vad,gerund,caus
vAntvA,vam,gerund,
vApayitvA,vA#2,gerund,caus
vApayitvA,vap#2,gerund,caus
vArayitvA,vf#1,gerund,caus
vASitvA,vAS,gerund,
vAsayitvA,vAsa#3,gerund,
vAsayitvA,vas#1,gerund,caus
vAsayitvA,vas#2,gerund,caus
vAhayitvA,vah#1,gerund,caus
viktvA,vic,gerund,
viktvA,vij,gerund,
vittvA,vid#2,gerund,
viditvA,vid#1,gerund,
vidDvA,viD#1,gerund,
vidDvA,vyaD,gerund,
vipitvA,vip,gerund,
vimanAyitvA,vimanA,gerund,
vivakzitvA,vac,gerund,desid
vivatsitvA,vas#1,gerund,desid
vivikzitvA,vic,gerund,desid
vivikzitvA,viS#1,gerund,desid
vivitsitvA,vid#1,gerund,desid
vividizitvA,vid#1,gerund,desid
viSadayitvA,viSada,gerund,
vizAyitvA,vizA,gerund,
vizwvA,viz#1,gerund,
vizwvA,viS#1,gerund,
vIktvA,vIj,gerund,
vItvA,vI#1,gerund,
vItvA,vyA,gerund,
vfktvA,vfj,gerund,
vfQvA,vfh,gerund,
vfttvA,vft#1,gerund,
vftvA,vf#1,gerund,
vftvA,vf#2,gerund,
vfdDvA,vfD#1,gerund,
vfzasyitvA,vfza,gerund,
vfzIyitvA,vfza,gerund,
vfzwvA,vfz,gerund,
vfzwvA,vraSc,gerund,
vecayitvA,vic,gerund,caus
vejayitvA,vij,gerund,caus
vedayitvA,vid#1,gerund,caus
veditvA,vid#1,gerund,
venitvA,ven,gerund,
vepayitvA,vip,gerund,caus
vepitvA,vip,gerund,
veSayitvA,viS#1,gerund,caus
vezayitvA,viz#1,gerund,caus
vezwayitvA,vezw,gerund,caus
vezwitvA,vezw,gerund,
vErAyitvA,vEra,gerund,
vyaTayitvA,vyaT,gerund,caus
vyaTitvA,vyaT,gerund,
vyADayitvA,vyaD,gerund,caus
vrajitvA,vraj,gerund,
vraRayitvA,vraRa,gerund,
vraScayitvA,vraSc,gerund,caus
vrIqitvA,vrIq,gerund,
SaMsayitvA,SaMs,gerund,caus
SaMsitvA,SaMs,gerund,
SaktvA,Sak,gerund,
SaNkitvA,SaNk,gerund,
SattvA,Sad,gerund,
SapitvA,Sap,gerund,
SaptvA,Sap,gerund,
SabdAyitvA,Sabda,gerund,
SamayitvA,Sam#1,gerund,caus
SayitvA,SI#1,gerund,
SalaBAyitvA,SalaBa,gerund,
SaltvA,Sal,gerund,
SasitvA,Sas,gerund,
SastvA,Sas,gerund,
SastvA,SaMs,gerund,
SAtayitvA,Sad,gerund,caus
SAdayitvA,Sad,gerund,caus
SAntayitvA,SAnta,gerund,
SApayitvA,Sap,gerund,caus
SAyayitvA,SI#1,gerund,caus
SAsitvA,SAs,gerund,
SAstvA,SAs,gerund,
SikzayitvA,Sikz,gerund,caus
SikzitvA,Sikz,gerund,
SikzitvA,Sak,gerund,desid
SitvA,SA,gerund,
SiTilayitvA,SiTila,gerund,
SiTilAyitvA,SiTila,gerund,
SiSayizitvA,SI#1,gerund,desid
SiSUyitvA,SiSu,gerund,
SizwvA,Siz,gerund,
SizwvA,SAs,gerund,
SIGrAyitvA,SIGra,gerund,
SItvA,SyA,gerund,
SIrtvA,SF,gerund,
SIlayitvA,SIl,gerund,caus
SIltvA,SIl,gerund,
SuktvA,Suc#1,gerund,
SudDvA,SuD,gerund,
SubDvA,SuB#1,gerund,
SumBitvA,SumB,gerund,
SuSrUzitvA,Sru,gerund,desid
SUtvA,SU,gerund,
SezayitvA,Siz,gerund,caus
SocayitvA,Suc#1,gerund,caus
SoDayitvA,SuD,gerund,caus
SoBayitvA,SuB#1,gerund,caus
SozayitvA,Suz,gerund,caus
SyAmAyitvA,SyAma,gerund,
SyenayitvA,Syena,gerund,
SyenAyitvA,Syena,gerund,
SrabDvA,SramB,gerund,
SramitvA,Sram,gerund,
SramBitvA,SramB,gerund,
SrAntvA,Sram,gerund,
SrAmayitvA,Sram,gerund,caus
SrAvayitvA,Sru,gerund,caus
SritvA,Sri,gerund,
SrutvA,Sru,gerund,
SlAGitvA,SlAG,gerund,
SlizwvA,Sliz,gerund,
SlezayitvA,Sliz,gerund,caus
SvasitvA,Svas#1,gerund,
SvittvA,Svit,gerund,
zaRQayitvA,zaRQa,gerund,
zWIvitvA,zWIv,gerund,
zWIvtvA,zWIv,gerund,
saktvA,sac,gerund,
saKIyitvA,saKi,gerund,
saNkawAyitvA,saNkawa,gerund,
saNgrAmayitvA,saNgrAma,gerund,
sajjayitvA,saYj,gerund,caus
sajjIyitvA,sajja,gerund,
saYjitvA,saYj,gerund,
sattvA,sad#1,gerund,
sapiRqayitvA,sapiRqa,gerund,
saptvA,sap#1,gerund,
sarjayitvA,sfj#1,gerund,caus
sarpayitvA,sfp,gerund,caus
sahitvA,sah#1,gerund,
sAQvA,sah#1,gerund,
sAtvA,san#1,gerund,
sAdayitvA,sad#1,gerund,caus
sAdayitvA,svad,gerund,caus
sADayitvA,siD#1,gerund,caus
sAnayitvA,san#1,gerund,caus
sAntvayitvA,sAntva,gerund,
sApayitvA,sap#1,gerund,caus
sArayitvA,sf,gerund,caus
sAvaDAnayitvA,sAvaDAna,gerund,
siktvA,sic,gerund,
sitvA,sA#1,gerund,
sidDvA,siD#1,gerund,
sidDvA,siD#2,gerund,
siDitvA,siD#1,gerund,
siDitvA,siD#2,gerund,
sisAnayizitvA,san#1,gerund,desid
sisfkzitvA,sfj#1,gerund,desid
sismayizitvA,smi,gerund,desid
sIvayitvA,sIv,gerund,caus
suKAyitvA,suKa,gerund,
suKyitvA,suKa,gerund,
sutvA,su#2,gerund,
sutvA,sU#1,gerund,
sudinAyitvA,sudina,gerund,
suptvA,svap,gerund,
sumanAyitvA,sumanas,gerund,
surtvA,sur,gerund,
susyUzitvA,sIv,gerund,desid
sUcayitvA,sUc,gerund,
sUtvA,sU#1,gerund,
sUdayitvA,sUd,gerund,
sftvA,sf,gerund,
sfptvA,sfp,gerund,
sfzwvA,sfj#1,gerund,
secayitvA,sic,gerund,caus
seDitvA,siD#1,gerund,
seDitvA,siD#2,gerund,
sevayitvA,sIv,gerund,caus
sevitvA,sev,gerund,
sevitvA,sIv,gerund,
soQvA,sah#1,gerund,
skanttvA,skand,gerund,
skandayitvA,skand,gerund,caus
skamBitvA,skamB,gerund,
sKalayitvA,sKal,gerund,caus
sKalitvA,sKal,gerund,
sKAlayitvA,sKal,gerund,caus
stanitvA,stan,gerund,
stabDvA,stamB,gerund,
stamBayitvA,stamB,gerund,caus
stamBitvA,stamB,gerund,
stAvayitvA,stu,gerund,caus
stIrtvA,stF,gerund,
stutvA,stu,gerund,
stubDvA,stuB,gerund,
stuBitvA,stuB,gerund,
stftvA,stF,gerund,
stenayitvA,stena,gerund,
stoBitvA,stuB,gerund,
styAtvA,styA,gerund,
sTagayitvA,sTaga,gerund,
sTApayitvA,sTA#1,gerund,caus
sTitvA,sTA#1,gerund,
snAtvA,snA,gerund,
snigDvA,snih#1,gerund,
snihitvA,snih#1,gerund,
snIQvA,snih#1,gerund,
snugDvA,snuh#1,gerund,
snutvA,snu,gerund,
snuhitvA,snuh#1,gerund,
snUQvA,snuh#1,gerund,
snehayitvA,snih#1,gerund,caus
snehitvA,snih#1,gerund,
snohitvA,snuh#1,gerund,
spandayitvA,spand,gerund,caus
spanditvA,spand,gerund,
sparDitvA,sparD,gerund,
spASayitvA,spaS#1,gerund,caus
spfzwvA,spfS#1,gerund,
spfhayitvA,spfh,gerund,
sPaltvA,sPal,gerund,
sPItvA,sPA,gerund,
sPuwitvA,sPuw,gerund,
sPuritvA,sPur,gerund,
sPowitvA,sPuw,gerund,
sPoritvA,sPur,gerund,
smAyayitvA,smi,gerund,caus
smArayitvA,smf,gerund,caus
smitvA,smi,gerund,
smftvA,smf,gerund,
syattvA,syand,gerund,
syanttvA,syand,gerund,
syUtvA,sIv,gerund,
sraMsitvA,sraMs,gerund,
sraMstvA,sraMs,gerund,
srAvayitvA,sru,gerund,caus
srutvA,sru,gerund,
svaYjayitvA,svaYj,gerund,caus
svaYjitvA,svaYj,gerund,
svaditvA,svad,gerund,
svanayitvA,svan,gerund,caus
svanitvA,svan,gerund,
svaritvA,svar#1,gerund,
svartvA,svar#2,gerund,
svalpaSilAyitvA,svalpaSilA,gerund,
svAdayitvA,svad,gerund,caus
svittvA,svid#2,gerund,
svedayitvA,svid#2,gerund,caus
hawWvA,haW,gerund,
hattvA,had,gerund,
hatvA,han#1,gerund,
harzayitvA,hfz,gerund,caus
harzitvA,hfz,gerund,
hasitvA,has,gerund,
hAtvA,hA#1,gerund,
hAtvA,hA#2,gerund,
hArayitvA,hf#1,gerund,caus
hAsayitvA,has,gerund,caus
hiMsitvA,hiMs,gerund,
hikkitvA,hikk,gerund,
hitvA,hi#2,gerund,
hitvA,DA#1,gerund,
hItvA,hA#1,gerund,
huRqitvA,huRq,gerund,
hutvA,hu,gerund,
hUtvA,hU,gerund,
hftvA,hf#1,gerund,
hfzwvA,hfz,gerund,
hnUtvA,hnu,gerund,
hrasitvA,hras,gerund,
hrAdayitvA,hrAd,gerund,caus
hrAditvA,hrAd,gerund,
hrAsayitvA,hras,gerund,caus
hrItvA,hrI#1,gerund,
hrepayitvA,hrI#1,gerund,caus
hlAdayitvA,hlAd,gerund,caus
hlAditvA,hlAd,gerund,
hvalitvA,hval,gerund,
hvAyayitvA,hU,gerund,caus
