prefixed_root,unprefixed_root,hom
akzilakzIkf,kf,
agocarIkf,kf,
agraRIkf,kf,
aNgArasAtkf,kf,
acCApat,pat,
acCAvft,vft,
atiTIkf,kf,
atiTIBU,BU,
atinizwan,tan,
atinI,nI,
atiparI,i,
atipA,pA,1
atipU,pU,
atipF,pF,
atipraRaS,naS,
atipraRI,nI,
atipraRud,nud,
atipravA,vA,2
atipraSru,Sru,
atiprasad,sad,
atiprahA,hA,
atiBU,BU,
atiBf,Bf,
ativA,vA,2
ativiDA,DA,
atiSi,Si,
atizkand,skand,
atizwu,stu,
atizWA,sTA,
atihve,hve,
atI,i,
atyAyat,yat,
atyudDA,hA,
aDikf,kf,1
aDikf,kf,
aDigam,gam,
aDigA,gA,1
aDidiS,diS,
aDiDA,DA,
aDiDf,Df,
aDinam,nam,
aDinizad,sad,
aDiyat,yat,
aDiyam,yam,
aDiruh,ruh,
aDiluW,luW,
aDivap,vap,2
aDivas,vas,4
aDivikram,kram,
aDivid,vid,3
aDivfj,vfj,
aDivfD,vfD,
aDizu,su,
aDizkand,skand,
aDizWA,sTA,
aDizvan,svan,
aDI,i,
aDIz,iz,
aDyavaso,so,
aDyAs,As,
aDyutTA,sTA,
aDyudDf,hf,
aDyupekz,Ikz,
anukamp,kamp,
anukA,kA,
anukfp,kfp,
anukrand,krand,
anugam,gam,
anucakz,cakz,
anuci,ci,2
anucCid,Cid,
anucCo,Co,
anujan,jan,
anujalp,jalp,
anudfS,dfS,
anuDanv,Danv,
anuDI,DI,
anuDvaMs,DvaMs,
anunad,nad,
anunam,nam,
anupariRI,nI,
anuparI,i,
anupare,i,
anuparye,i,
anupaS,paS,
anupA,pA,2
anupU,pU,
anupraRud,nud,
anupratizWA,sTA,
anupraT,praT,
anuprapA,pA,1
anuprAR,an,
anuprAp,Ap,
anuprAs,as,
anupre,i,
anuprekz,Ikz,
anuprez,iz,
anuproh,Uh,
anubrU,brU,
anuman,man,
anuyat,yat,
anuyam,yam,
anuraYj,raYj,
anuram,ram,
anuriz,riz,
anurI,rI,
anuruc,ruc,
anuruD,ruD,
anuruh,ruh,
anulip,lip,
anuvad,vad,
anuvap,vap,2
anuvazawkf,kf,
anuvA,vA,
anuvikram,kram,
anuvid,vid,1
anuvid,vid,3
anuvinad,nad,
anuvilok,lok,
anuvivft,vft,
anuvizic,sic,
anuvizWA,sTA,
anuvizyand,syand,
anuvI,i,
anuvIkz,Ikz,
anuvf,vf,
anuvft,vft,
anuvezw,vezw,
anuvyaD,vyaD,
anuvyavagA,gA,1
anuvyave,i,
anuSak,Sak,
anuSI,SI,1
anuSuc,Suc,1
anuSraT,SraT,
anuSru,Sru,
anuzac,sac,
anuzaYj,saYj,
anuzic,sic,
anuziD,siD,
anuzwu,stu,
anuzwuB,stuB,
anuzWA,sTA,
anuzyand,syand,
anusaMKyA,KyA,
anusaMcar,car,
anusaMraB,raB,
anusaMsf,sf,
anusaMsTA,sTA,
anusamAp,Ap,
anusamAraB,raB,
anusami,i,
anusamprAp,Ap,
anusf,sf,
anusfj,sfj,
anusmf,smf,
anuhA,hA,2
anuhf,hf,
anUkz,ukz,
anUjji,ji,
anUd,ud,
anUde,i,
anUdDA,hA,
anUdDf,hf,
anUnnI,nI,
anUpaDA,DA,
anUpasTA,sTA,
antaraya,i,
antarADA,DA,
antarIkf,kf,
antarupAtI,i,
antarDA,DA,
anvat,at,
anvatI,i,
anvaBizic,sic,
anvavArj,arj,
anvavAs,as,
anvave,i,
anvavekz,Ikz,
anvaS,aS,1
anvAkram,kram,
anvAdA,dA,1
anvADA,DA,
anvABaj,Baj,
anvAhiRq,hiRq,
anviz,iz,3
anvf,f,
anvfD,fD,
anve,i,
apakft,kft,2
apakfz,kfz,
apakF,kF,1
apaguh,guh,
apacit,cit,
apacCad,Cad,
apacCid,Cid,
apacyu,cyu,
apanilI,lI,
apapare,i,
apapruT,pruT,
apapre,i,
apabAD,bAD,
apaBaj,Baj,
apamfj,mfj,
apame,me,
apayuj,yuj,
apalap,lap,
apavad,vad,
apavic,vic,
apavf,vf,1
apavfj,vfj,
apavft,vft,
apavye,vye,
apaSvas,Svas,
apasac,sac,
apaspf,spf,
apahA,hA,2
apahA,hA,3
apahnu,hnu,
apAdA,dA,1
apAr,f,
apArC,fC,
apAvft,vft,
apASri,Sri,
apAhf,hf,
apiGas,Gas,
apibanD,banD,
apimfz,mfz,
apivat,vat,
apivf,vf,1
apivye,vye,
apiSF,SF,
apizWA,sTA,
apisfj,sfj,
apihve,hve,
ape,i,
apocCad,Cad,
apotkfz,kfz,
apodi,i,
aporRu,UrRu,
apoh,Uh,
apyas,as,2
aBikxp,kxp,
aBikzip,kzip,
aBigAh,gAh,
aBicCad,Cad,
aBijan,jan,
aBitan,tan,
aBitF,tF,
aBiduh,duh,
aBiDanv,Danv,
aBiDA,DA,
aBiDI,DI,
aBinakz,nakz,
aBinard,nard,
aBiniDA,DA,
aBinirRud,nud,
aBinirmi,mi,
aBinizad,sad,
aBinI,i,
aBinu,nu,3
aBinu,nu,4
aBiparizvaYj,svaYj,
aBiparihf,hf,
aBipare,i,
aBiparyAvft,vft,
aBiparye,i,
aBipale,i,
aBipA,pA,2
aBipiS,piS,
aBipyE,pyE,
aBiprakram,kram,
aBipracyu,cyu,
aBiprajan,jan,
aBipraRakz,nakz,
aBipraRad,nad,
aBipraRam,nam,
aBipraRI,nI,
aBipraRu,nu,
aBipratipad,pad,
aBipratyave,i,
aBipratye,i,
aBipraT,praT,
aBipradru,dru,2
aBiprabuD,buD,
aBipraman,man,
aBipramand,mand,1
aBipravft,vft,
aBiprasf,sf,
aBiprAR,an,
aBiprAp,Ap,
aBiprArc,arc,
aBiprArT,arT,
aBiprAS,aS,
aBiprAs,as,
aBipre,i,
aBiprekz,Ikz,
aBiprer,Ir,
aBiprez,iz,
aBiBuj,Buj,3
aBimantr,mantr,
aBimand,mand,1
aBimuc,muc,
aBimf,mf,
aBimfkz,mfkz,
aBimfS,mfS,
aBiyaj,yaj,
aBiyuj,yuj,
aBirakz,rakz,
aBiraYj,raYj,
aBiraB,raB,
aBiruc,ruc,
aBilaB,laB,
aBivad,vad,
aBivand,vand,
aBivaS,vaS,
aBivicar,car,
aBivij,vij,
aBivitan,tan,
aBivid,vid,3
aBiviBaj,Baj,
aBiviruc,ruc,
aBivivas,vas,2
aBivizaYj,saYj,
aBivizWA,sTA,
aBivizyand,syand,
aBivisfj,sfj,
aBivI,i,
aBivIkz,Ikz,
aBivft,vft,
aBivfD,vfD,
aBivfz,vfz,
aBivyaD,vyaD,
aBivye,vye,
aBiSaNk,SaNk,
aBiSap,Sap,
aBiSI,SI,3
aBiSuB,SuB,
aBiScut,Scut,
aBizac,sac,
aBizaYj,saYj,
aBizad,sad,
aBizah,sah,
aBizic,sic,
aBiziv,siv,
aBizu,su,
aBizU,sU,
aBizUd,sUd,
aBizo,so,
aBizwan,stan,
aBizwamB,stamB,
aBizwu,stu,
aBizwuB,stuB,
aBizWA,sTA,
aBizyand,syand,
aBizvaYj,svaYj,
aBisaMgam,gam,
aBisaMci,ci,1
aBisaMnah,nah,
aBisaMnu,nu,4
aBisaMraB,raB,
aBisaMvas,vas,4
aBisaMvas,vas,5
aBisaMvid,vid,3
aBisaMviS,viS,
aBisaMvIkz,Ikz,
aBisaMvft,vft,
aBisaMSri,Sri,
aBisaMskf,kf,1
aBisaMsvaYj,svaYj,
aBisatkf,kf,
aBisap,sap,
aBisamApad,pad,
aBisamf,f,
aBisame,i,
aBisamprekz,Ikz,
aBihan,han,
aBihary,hary,
aBihiNkf,kf,
aBI,i,
aBIkz,Ikz,
aByaj,aj,
aByaYj,aYj,
aByativad,vad,
aByatI,i,
aByanuvad,vad,
aByapaSri,Sri,
aByapAn,an,
aByam,am,
aByarc,arc,
aByart,art,
aByarT,arT,
aByavanij,nij,
aByavavft,vft,
aByavAs,as,
aByave,i,
aByavekz,Ikz,
aByaS,aS,1
aByas,as,2
aByAj,aj,
aByAtan,tan,
aByAdA,dA,1
aByAp,Ap,
aByAyam,yam,
aByAyu,yu,2
aByAraB,raB,
aByAviS,viS,
aByAvft,vft,
aByAhan,han,
aByukz,ukz,1
aByutkram,kram,
aByutTA,sTA,
aByudIkz,Ikz,
aByude,i,
aByudDA,hA,
aByudDf,hf,
aByupaDA,DA,
aByupapad,pad,
aByupAvft,vft,
aByupe,i,
aByupekz,Ikz,
aByUrRu,UrRu,
aByUh,Uh,2
aByfYj,fYj,
aBye,i,
avakAS,kAS,
avakfz,kfz,
avakF,kF,
avakrI,krI,
avakrIq,krIq,
avagam,gam,
avagF,gF,
avacakz,cakz,
avacCad,Cad,
avacCid,Cid,
avacCo,Co,
avajfmB,jfmB,
avatan,tan,
avatF,tF,
avadih,dih,
avaduh,duh,
avado,do,
avaDA,DA,
avaDU,DU,
avaDvaMs,DvaMs,
avanam,nam,
avanij,nij,
avanu,nu,
avapad,pad,
avapaS,paS,
avaplu,plu,
avabanD,banD,
avabAD,bAD,
avabuD,buD,
avaBAs,BAs,
avaBf,Bf,
avaman,man,
avamuc,muc,
avamfj,mfj,
avayaj,yaj,
avaruD,ruD,
avaruh,ruh,
avalamb,lamb,
avalip,lip,
avalih,lih,
avalI,lI,
avalup,lup,
avalok,lok,
avaSI,SI,
avaSfD,SfD,
avazwamB,stamB,
avazvan,svan,
avasaYj,saYj,
avasad,sad,
avasfj,sfj,
avaskF,kF,
avastF,stF,
avasTA,sTA,
avasmi,smi,
avasyand,syand,
avasraMs,sraMs,
avahan,han,
avahf,hf,
avahve,hve,
avAloc,loc,
ave,i,
avekz,Ikz,
aSraddaDAna,DA,
Akac,kac,
Akamp,kamp,
AkA,kA,
AkANkz,kANkz,
AkU,kU,
Akf,kf,
Akrand,krand,
Akram,kram,
AkrIq,krIq,
Akzi,kzi,
AKAd,KAd,
AKid,Kid,
AKyA,KyA,
Agam,gam,
Agur,gur,
AgE,gE,
AgranT,granT,
Agrah,grah,
AGuz,Guz,
AGrA,GrA,
Ac,ac,
Acakz,cakz,
Aci,ci,1
Acit,cit,
AcCad,Cad,
AcCid,Cid,
AcCfd,Cfd,
AcCo,Co,
Acyu,cyu,
Aj,aj,
Ajan,jan,
AjIv,jIv,
AYc,aYc,
AYj,aYj,
Aqval,wval,
AtaMs,taMs,
Atan,tan,
Atam,tam,
Atfd,tfd,
Atfp,tfp,
AtF,tF,
AdaG,daG,
AdaB,daB,
AdA,dA,1
AdA,dA,4
AdiS,diS,
AdIp,dIp,
Adu,du,1
Aduh,duh,
Adf,df,
AdfS,dfS,
AdF,dF,
AdE,dE,
Ado,do,
Adyut,dyut,2
Adru,dru,1
ADA,DA,
ADAv,DAv,
ADI,DI,
ADu,Du,
ADU,DU,
ADf,Df,
ADfz,Dfz,
ADmA,DmA,
ADyE,DyE,
Anad,nad,
Anand,nand,
Anam,nam,
Anah,nah,
AnI,nI,
Anu,nu,4
Anft,nft,
Ap,Ap,
Apat,pat,1
Apad,pad,
Apan,pan,
ApaS,paS,
ApA,pA,1
ApiS,piS,
Apiz,piz,
ApU,pU,
ApUy,pUy,
Apf,pf,1
Apf,pf,2
Apfc,pfc,
ApF,pF,
ApyE,pyE,
ApraC,praC,
ApratI,i,
Aprayam,yam,
AprA,prA,
AprI,prI,
Apru,pru,
Aplu,plu,
AbanD,banD,
AbAD,bAD,
AbuD,buD,
Abfh,bfh,
AbrU,brU,
ABaj,Baj,
ABA,BA,
ABAz,BAz,
ABAs,BAs,
ABuj,Buj,1
ABUz,BUz,
ABf,Bf,
AmaT,maT,
Aman,man,
Amantr,mantr,
Amah,mah,
AmA,mA,2
AmI,mI,
AmIl,mIl,
AmIv,mIv,
Amuc,muc,
Amuz,muz,
Amfj,mfj,
Amfd,mfd,
AmfS,mfS,
Amfz,mfz,
AmnA,mnA,
Amyakz,myakz,
Amreq,mreq,
Ayaj,yaj,
Ayat,yat,
Ayam,yam,
Ayas,yas,
AyA,yA,
AyAc,yAc,
Ayu,yu,2
Ayuj,yuj,
AyuD,yuD,
Ayup,yup,
Arakz,rakz,
Araw,raw,
Arap,rap,
AraB,raB,
Aram,ram,
Aras,ras,1
ArAD,rAD,
Aric,ric,
AriP,riP,
AriS,riS,
Arih,rih,
ArI,rI,
Aru,ru,1
Aruc,ruc,
Aruj,ruj,
AruD,ruD,2
Aruh,ruh,
Alakz,lakz,
Alag,lag,
AlaB,laB,
Alamb,lamb,
Alaz,laz,
AliK,liK,
AliNg,liNg,
Alip,lip,
Alih,lih,
AlI,lI,
AluYc,luYc,
Aluq,luq,
Alup,lup,
AluB,luB,
AlU,lU,
Alok,lok,
Aloc,loc,
Avac,vac,
Avad,vad,
AvaD,vaD,
Avan,van,
Avap,vap,2
Avalg,valg,
Avas,vas,5
Avah,vah,
AvA,vA,
Avitan,tan,
Avid,vid,1
Avid,vid,3
AviBA,BA,
AviS,viS,
Avihan,han,
AvI,vI,
Avf,vf,1
Avf,vf,2
Avfj,vfj,
Avft,vft,
AvfD,vfD,
Avfz,vfz,
Avfh,vfh,
Ave,ve,
Ave,i,
Avezw,vezw,
AvyaD,vyaD,
Avye,vye,
Avraj,vraj,
AvraSc,vraSc,
AS,aS,
ASaMs,SaMs,
ASak,Sak,
ASaNk,SaNk,
ASAs,SAs,
ASi,Si,
ASI,SI,
ASuc,Suc,
ASuz,Suz,
ASyE,SyE,
ASri,Sri,
ASrI,SrI,
ASru,Sru,
ASlaT,SlaT,
ASliz,Sliz,
ASvas,Svas,
As,as,
Asac,sac,
AsaYj,saYj,
Asad,sad,
Asan,san,
Asi,si,
Asic,sic,
Asiv,siv,
Asu,su,3
AsU,sU,
Asf,sf,
Asfj,sfj,
Asev,sev,
Askand,skand,
AskaB,skaB,
Asku,sku,
AstuB,stuB,
Astf,stf,
AsTA,sTA,
Aspand,spand,
Aspf,spf,
AsPAy,sPAy,
Asyand,syand,
Asru,sru,
Asvad,svad,
Asvan,svan,
Asvid,svid,
Ahan,han,
Ahary,hary,
Ahi,hi,
AhiMs,hiMs,
Ahu,hu,
Ahf,hf,
Ahfz,hfz,
Ahvf,hvf,
Ahve,hve,
izkf,kf,
uccak,cak,
uccaw,caw,
uccar,car,
uccal,cal,
ucci,ci,
uccumb,cumb,
ucculump,culump,
uccyu,cyu,
ucCaMs,SaMs,
ucCad,Cad,
ucCal,Sal,
ucCAs,SAs,
ucCid,Cid,
ucCiz,Siz,
ucCI,SI,
ucCuc,Suc,
ucCuz,Suz,
ucCraT,SraT,
ucCri,Sri,
ucCvaYc,SvaYc,
ucCvas,Svas,
ucCvi,Svi,
ujjan,jan,
ujjas,jas,
ujjAgf,jAgf,
ujji,ji,
ujjIv,jIv,
ujjfmB,jfmB,
ujjval,jval,
uqqI,qI,
utkand,skand,
utkamp,kamp,
utkal,kal,
utkal,kal,
utkalApaya,kal,
utkaz,kaz,
utkas,kas,
utkAS,kAS,
utkAs,kAs,
utkIl,kIl,
utkuc,kuc,
utkuw,kuw,
utkU,kU,
utkUj,kUj,
utkUrd,kUrd,
utkf,kf,
utkft,kft,
utkft,kft,
utkfz,kfz,
utkF,kF,
utkFt,kFt,
utkxp,kxp,
utkram,kram,
utkruS,kruS,
utkliS,kliS,
utkvaT,kvaT,
utkzip,kzip,
utkzvid,kzvid,
utKac,Kac,
utKan,Kan,
utKid,Kid,
uttakz,takz,
uttan,tan,
uttap,tap,
uttam,tam,
uttamB,stamB,
uttij,tij,
uttu,tu,
uttud,tud,
uttul,tul,
uttfd,tfd,
uttF,tF,
uttras,tras,
utTA,sTA,
utpac,pac,
utpaw,paw,
utpat,pat,
utpad,pad,
utpaS,paS,
utpA,pA,
utpA,pA,
utpIq,pIq,
utpU,pU,
utpF,pF,
utpyE,pyE,
utpru,pru,
utprekz,Ikz,
utplu,plu,
utPal,Pal,
utsad,sad,
utsarj,sarj,
utsah,sah,
utsi,si,
utsic,sic,
utsiD,siD,
utsiv,siv,
utsU,sU,
utsf,sf,
utsfj,sfj,
utsfp,sfp,
utsnA,snA,
utspfS,spfS,
utsmi,smi,
udaj,aj,
udaYc,aYc,
udaYj,aYj,
udan,an,
udapAs,as,
udaBI,i,
udarc,arc,
udard,ard,
udavaso,so,
udaS,aS,1
udas,as,2
udAkf,kf,1
udAgA,gA,1
udAcakz,cakz,
udAcar,car,
udAjan,jan,
udAtan,tan,
udAdA,dA,1
udAdru,dru,2
udAnI,nI,
udAp,Ap,
udAyam,yam,
udAyA,yA,
udAyu,yu,2
udAruh,ruh,
udAvas,vas,5
udAvah,vah,
udAvraj,vraj,
udASaMs,SaMs,
udAs,As,
udAsTA,sTA,
udAhan,han,
udAhf,hf,
udi,i,
udIkz,Ikz,
udIr,Ir,
udIz,Iz,
udukz,ukz,
udubj,ubj,
uduz,uz,
udUh,Uh,1
udf,f,
udfz,fz,2
ude,i,
udej,ej,
udgam,gam,
udgarj,garj,
udgal,gal,
udgA,gA,
udgAh,gAh,
udgur,gur,
udguh,guh,
udgF,gF,
udgE,gE,
udgranT,granT,
udgrah,grah,
udGuz,Guz,
udGfz,Gfz,
uddA,dA,3
uddiS,diS,
uddih,dih,
uddIp,dIp,
udduz,duz,
uddfMh,dfMh,
uddF,dF,
uddyut,dyut,1
uddru,dru,
udDan,han,
udDas,has,
udDA,DA,
udDA,hA,
udDI,DI,
udDU,DU,
udDf,Df,
udDf,hf,
udDfz,hfz,
udDmA,DmA,
udDvaMs,DvaMs,
udDve,hve,
udbanD,banD,
udbAD,bAD,
udbuD,buD,
udbrU,brU,
udBarts,Barts,
udBA,BA,
udBAs,BAs,
udBid,Bid,
udBU,BU,
udBf,Bf,
udBram,Bram,
udyam,yam,
udyA,yA,
udyu,yu,2
udyuj,yuj,
udyuD,yuD,
udraYj,raYj,
udram,ram,
udruc,ruc,
udruD,ruD,2
udvad,vad,
udvaD,vaD,
udvap,vap,2
udvam,vam,
udvas,vas,5
udvah,vah,
udvA,vA,
udvAS,vAS,
udviGuz,Guz,
udvicakz,cakz,
udvij,vij,
udvidF,dF,
udvisfj,sfj,
udvIkz,Ikz,
udvf,vf,
udvfj,vfj,
udvft,vft,
udvfz,vfz,
udvfh,vfh,
udve,ve,
udvep,vep,
udvell,vell,
udvezw,vezw,
udvE,vE,
udvyudas,as,2
udvraj,vraj,
unnad,nad,
unnaB,naB,
unnam,nam,
unnaS,naS,
unnah,nah,
unniDA,DA,
unnI,nI,
unmajj,majj,
unmaT,ma,
unmaTAy,maTAy,
unmad,mad,
unmand,mand,
unmi,mi,
unmiz,miz,
unmI,mI,
unmIl,mIl,
unmuc,muc,
unmud,mud,
unmurC,murC,
unmuz,muz,
unmuh,muh,
unmfj,mfj,
unmfd,mfd,
unmfS,mfS,
upakf,kf,1
upakft,kft,1
upakfz,kfz,1
upakF,kF,
upakxp,kxp,
upakram,kram,
upakrIq,krIq,
upakruS,kruS,
upaklid,klid,
upakzar,kzar,
upakzi,kzi,2
upakzip,kzip,
upagam,gam,
upagA,gA,1
upagAh,gAh,
upaguh,guh,
upagF,gF,1
upagF,gF,2
upagE,gE,
upagranT,granT,
upagras,gras,
upagrah,grah,
upaGrA,GrA,
upacar,car,
upaci,ci,1
upacft,cft,
upacCad,Cad,
upacCand,Cand,
upacCal,Cal,
upajan,jan,
upajap,jap,
upaji,ji,
upajIv,jIv,
upajuz,juz,
upajYA,jYA,
upajri,jri,
upaQOk,QOk,
upatap,tap,
upatfd,tfd,
upadamB,damB,
upadas,das,
upadah,dah,
upadA,dA,1
upadiS,diS,
upaduz,duz,
upadfS,dfS,
upadru,dru,
upaDA,DA,
upaDAv,DAv,
upaDf,Df,
upaDfz,Dfz,
upaDe,De,
upaDmA,DmA,
upanakz,nakz,
upanam,nam,
upanah,nah,
upanAT,nAT,
upaniHSri,Sri,
upanikzip,kzip,
upanigam,gam,
upanigrah,grah,
upaniDA,DA,
upanipat,pat,
upanipad,pad,
upaniplu,plu,
upanibanD,banD,
upanimajj,majj,
upanimantr,mantr,
upanimand,mand,
upanimreq,mreq,
upaniyuj,yuj,
upaniruD,ruD,
upanirvft,vft,
upanivap,vap,2
upaniviS,viS,
upanivf,vf,
upanivft,vft,
upanivezw,vezw,
upaniSri,Sri,
upanizad,sad,
upanizev,sev,
upanizkram,kram,
upanihan,han,
upanI,nI,
upanI,i,
upanft,nft,
upanyas,as,2
upanyAcar,car,
upanyAplu,plu,
upapat,pat,
upapad,pad,
upaparIkz,Ikz,
upapare,i,
upaparyAvft,vft,
upapfc,pfc,
upapF,pF,
upapragA,gA,
upapraC,praC,
upaprajan,jan,
upaprajinv,jinv,
upapratigrah,grah,
upapradA,dA,1
upapraBid,Bid,
upapraBU,BU,
upapraBUz,BUz,
upaprayam,yam,
upaprayA,yA,
upapravad,vad,
upapravft,vft,
upapravfh,vfh,
upapraSri,Sri,
upaprasad,sad,
upaprasf,sf,
upaprastf,stf,
upaprahi,hi,
upaprAp,Ap,
upaprAyA,yA,
upapre,i,
upaprekz,Ikz,
upaprez,iz,
upaplu,plu,
upaple,i,
upabanD,banD,
upabfh,bfh,
upabrU,brU,
upaBaj,Baj,
upaBuj,Buj,2
upaBU,BU,
upaBUz,BUz,
upaBf,Bf,
upaBram,Bram,
upamajj,majj,
upamaT,maT,
upamad,mad,1
upamantr,mantr,
upamA,mA,
upami,mi,1
upamuc,muc,
upamfj,mfj,
upamfd,mfd,
upamluc,mluc,
upayaj,yaj,
upayat,yat,
upayantr,yantr,
upayam,yam,
upayA,yA,
upayuj,yuj,
uparac,rac,
uparaYj,raYj,
uparaD,raD,
uparam,ram,
uparamB,ramB,
uparuc,ruc,
uparuD,ruD,2
uparuh,ruh,
upalakz,lakz,
upalaB,laB,
upalip,lip,
upalI,lI,
upavac,vac,
upavad,vad,
upavaD,vaD,
upavap,vap,2
upavarR,varR,
upavalh,valh,
upavas,vas,5
upavah,vah,
upavA,vA,
upaviD,viD,1
upaviS,viS,
upaviz,viz,
upavizWA,sTA,
upavI,vI,
upavIkz,Ikz,
upavIj,vIj,
upavft,vft,
upave,ve,
upavE,vE,
upavyaD,vyaD,
upavye,vye,
upavraj,vraj,
upaSak,Sak,
upaSaNk,SaNk,
upaSam,Sam,
upaSiNG,SiNG,
upaSI,SI,
upaSuB,SuB,
upaSuz,Suz,
upaScyut,Scyut,
upaSram,Sram,
upaSri,Sri,
upaSru,Sru,
upaSliz,Sliz,
upasaMkxp,kxp,
upasaMkram,kram,
upasaMgam,gam,
upasaMgrah,grah,
upasaMcar,car,
upasaMjan,jan,
upasaMtan,tan,
upasaMDA,DA,
upasaMnud,nud,
upasaMpad,pad,
upasaMparARI,nI,
upasaMpraC,praC,
upasaMprayA,yA,
upasaMprAp,Ap,
upasaMBid,Bid,
upasaMyA,yA,
upasaMruD,ruD,2
upasaMruh,ruh,
upasaMviS,viS,
upasaMvye,vye,
upasaMvraj,vraj,
upasaMSaMs,SaMs,
upasaMSri,Sri,
upasaMhf,hf,
upasac,sac,
upasaYj,saYj,
upasad,sad,
upasamAkf,kf,1
upasamADA,DA,
upasamAvft,vft,
upasamAhf,hf,
upasami,i,
upasaminD,inD,
upasamUh,Uh,1
upasame,i,
upasAD,sAD,
upasic,sic,
upasiD,siD,2
upasf,sf,
upasfj,sfj,
upasfp,sfp,
upasev,sev,
upaskamB,skamB,
upastamB,stamB,
upastu,stu,
upastf,stf,
upasTA,sTA,
upasnih,snih,
upaspfS,spfS,
upasmi,smi,
upasmf,smf,
upasru,sru,
upasvf,svf,
upahan,han,
upahas,has,
upahA,hA,2
upahArIkf,kf,
upahiMs,hiMs,
upahu,hu,
upahf,hf,
upahvf,hvf,
upahve,hve,
upAkf,kf,1
upAkram,kram,
upAKyA,KyA,
upAgam,gam,
upAgA,gA,
upAGrA,GrA,
upAcar,car,
upAj,aj,
upAYc,aYc,
upAYj,aYj,
upAtI,i,
upAdA,dA,1
upAdiS,diS,
upAdru,dru,
upADA,DA,
upADAv,DAv,
upADiruh,ruh,
upADmA,DmA,
upAnI,nI,
upAnvAruh,ruh,
upAp,Ap,
upApat,pat,
upApraC,praC,
upABUz,BUz,
upAyA,yA,
upAyuj,yuj,
upAram,ram,
upArud,rud,
upAruh,ruh,
upArj,arj,
upArz,fz,
upAlaB,laB,
upAv,av,
upAvaram,ram,
upAvaruh,ruh,
upAvaSri,Sri,
upAvasfj,sfj,
upAvasfp,sfp,
upAvaso,so,
upAvah,vah,
upAvahf,hf,
upAviS,viS,
upAvft,vft,
upAve,i,
upAvekz,Ikz,
upAvraj,vraj,
upAS,aS,
upAS,aS,
upASri,Sri,
upAs,as,
upAs,as,
upAs,As,
upAsad,sad,
upAsfj,sfj,
upAstf,stf,
upAsTA,sTA,
upAhan,han,
upAhf,hf,
upAhve,hve,
upe,i,
upe,i,
upekz,Ikz,
upen,in,
upez,iz,
upez,Iz,
upez,Iz,
upED,eD,
upokz,ukz,
upotkram,kram,
upotTA,sTA,
upotsad,sad,
upotsic,sic,
upod,ud,
upodAsfp,sfp,
upodAhf,hf,
upodi,i,
upodgrah,grah,
upodDan,han,
upodyam,yam,
uponnI,nI,
upopaDA,DA,
upopaparAmfS,mfS,
upopaviS,viS,
upoz,uz,
upoh,Uh,
ullaNG,laNG,
ullap,lap,
ullamb,lamb,
ullal,lal,
ullas,las,
ulliK,liK,
ullih,lih,
ullI,lI,
ulluYc,luYc,
ulluW,luW,
ullup,lup,
ullU,lU,
UrDvIkf,kf,
e,i,
ekz,Ikz,
enD,inD,
er,Ir,
ez,Iz,
o,u,
okz,ukz,
opadru,dru,
grAsapAtrIkf,kf,
tiroDA,DA,
duri,i,
niHkzi,kzi,1
niHSI,SI,
niHSuc,Suc,
niHSF,SF,
niHSvas,Svas,
niHzic,sic,
niHziD,siD,
niHzu,su,
niHzU,sU,
niHzwan,stan,
niHzWA,sTA,
niHzWiv,zWiv,
niHzvap,svap,
niHsf,sf,
niHsfj,sfj,
niHsfp,sfp,
niHspf,spf,
niHsPur,sPur,
niHsru,sru,
niHsvf,svf,
nikam,kam,
nikUj,kUj,
nikUq,kUq,
nikUR,kUR,
nikf,kf,1
nikft,kft,1
nikfz,kfz,1
nikrand,krand,
nikram,kram,
nikzip,kzip,
niKan,Kan,
niKid,Kid,
nigad,gad,
nigam,gam,
nigarh,garh,
niguh,guh,
nigF,gF,2
nigE,gE,
nigranT,granT,
nigrah,grah,
niGfz,Gfz,2
nici,ci,2
nicft,cft,
nijUrv,jUrv,
nitan,tan,
nitap,tap,
nitud,tud,
nituS,tuS,1
nitfd,tfd,
nitfp,tfp,
nidah,dah,
nidA,dA,4
nidiS,diS,
nidrA,drA,1
niDA,DA,1
niDAv,DAv,2
niDU,DU,
niDyE,DyE,
ninad,nad,
ninard,nard,
ninI,nI,
ninft,nft,
nipat,pat,
nipad,pad,
nipA,pA,1
nipA,pA,2
nipIy,pIy,
nipF,pF,
niprahan,han,
nibanD,banD,
nibAD,bAD,
nibuD,buD,
nibfh,bfh,
niBaYj,BaYj,
niBal,Bal,
niBuj,Buj,1
nimajj,majj,
nimad,mad,
niman,man,
nimantr,mantr,
nimA,mA,
nimi,mi,1
nimiz,miz,
nimih,mih,
nimIl,mIl,
nimfj,mfj,
nimfd,mfd,
nime,me,
nimyakz,myakz,
nimruc,mruc,
nimluc,mluc,
niyat,yat,
niyantr,yantr,
niyam,yam,
niyA,yA,
niyu,yu,2
niyuj,yuj,
niyuD,yuD,
niraj,aj,
niraByavekz,Ikz,
niram,ram,
nirard,ard,
niravaday,day,
niravado,do,
niravaDe,De,
niravayaj,yaj,
niravekz,Ikz,
niras,as,2
nirAkf,kf,1
nirAkram,kram,
nirAcakz,cakz,
nirAyam,yam,
nirAvah,vah,
nirAviS,viS,
niri,i,
nirI,rI,
nirIkz,Ikz,
nirukz,ukz,
niruD,ruD,
nirubj,ubj,
nirUp,rUp,
nirUh,Uh,1
nirfC,fC,
nirfj,fj,
nire,i,
nirgam,gam,
nirGfz,Gfz,
nirji,ji,
nirRam,nam,
nirRij,nij,
nirRI,nI,
nirRud,nud,
nirdaMS,daMS,
nirdah,dah,
nirdiS,diS,
nirduh,duh,
nirdru,dru,
nirDam,Dam,
nirDA,DA,
nirDAv,DAv,1
nirDU,DU,
nirbanD,banD,
nirbAD,bAD,
nirbrU,brU,
nirBaj,Baj,
nirBaYj,BaYj,
nirBarts,Barts,
nirBA,BA,
nirBid,Bid,
nirBuj,Buj,1
nirmajj,majj,
nirmaT,maT,
nirmanT,manT,
nirmA,mA,
nirmi,mi,
nirmuc,muc,
nirmfj,mfj,
niryA,yA,
niryAc,yAc,
niryu,yu,3
nirliK,liK,
nirlih,lih,
nirlup,lup,
nirvaYc,vaYc,
nirvad,vad,
nirvap,vap,
nirvam,vam,
nirvarR,varR,
nirvas,vas,5
nirvah,vah,
nirvA,vA,
nirvid,vid,3
nirvivah,vah,
nirviS,viS,
nirvf,vf,2
nirvft,vft,
nirvE,vE,
nirvyaD,vyaD,
nirvraj,vraj,
nirvlI,vlI,
nirhan,han,
nirhA,hA,2
nirhf,hf,
nirhras,hras,
nirhve,hve,
nilip,lip,
nilI,lI,
nivad,vad,
nivap,vap,2
nivas,vas,4
nivas,vas,5
nivah,vah,
niviS,viS,
nivfj,vfj,
nivft,vft,
nivyaD,vyaD,
nivraSc,vraSc,
niSam,Sam,
niSAs,SAs,
niSi,Si,
niSuc,Suc,
niSuB,SuB,
niSumB,SumB,
niSo,So,
niScar,car,
niSci,ci,2
niScut,Scut,
niSri,Sri,
niSvas,Svas,
nizac,sac,
nizaYj,saYj,
nizad,sad,
nizah,sah,
nizic,sic,
niziD,siD,
niziv,siv,
nizUd,sUd,
nizev,sev,
nizo,so,
nizkuz,kuz,
nizkf,kf,1
nizkft,kft,
nizkfz,kfz,
nizkram,kram,
nizkrI,krI,
nizKan,Kan,
nizKid,Kid,
nizwap,tap,
nizwu,stu,
nizwyE,styE,
nizWA,sTA,
nizWiv,zWiv,
nizRA,snA,
nizpat,pat,
nizpad,pad,
nizpalAy,ay,
nizpA,pA,1
nizpA,pA,3
nizpiS,piS,
nizpiz,piz,
nizpIq,pIq,
nizpU,pU,
nizpf,pf,
nizvaYj,svaYj,
nistakz,takz,
nistud,tud,
nistF,tF,
nispfS,spfS,
nisyand,syand,
nisru,sru,
nisvan,svan,
nihan,han,
nihA,hA,2
nihf,hf,
nihfz,hfz,
nihnu,hnu,
nihve,hve,
nIrAj,rAj,
nIrI,rI,
nIruc,ruc,
nyaYc,aYc,
nyaYj,aYj,
nyavacar,car,
nyavasfj,sfj,
nyavekz,Ikz,
nyas,as,
nyADf,Df,
nyAvyaD,vyaD,
nyAsad,sad,
nyuc,uc,
nyud,ud,
nyubj,ubj,
nyuB,uB,
nyuz,uz,
nyUh,Uh,
nyUh,Uh,
nyf,f,
nyfYj,fYj,
nyfz,fz,
nye,i,
nyej,ej,
padmakoSa,kf,
parAkf,kf,
parAkram,kram,
parAkzip,kzip,
parAgam,gam,
parAcar,car,
parAji,ji,
parAR,an,
parARI,nI,
parARud,nud,
parAdA,dA,1
parAdru,dru,
parADAv,DAv,1
parADmA,DmA,
parApat,pat,
parApaS,paS,
parApU,pU,
parABU,BU,
parAmfS,mfS,
parAyA,yA,
parAvac,vac,
parAvad,vad,
parAvap,vap,2
parAvam,vam,
parAvalg,valg,
parAvah,vah,
parAvA,vA,2
parAvfj,vfj,
parAvft,vft,
parAvyaD,vyaD,
parASF,SF,
parAs,as,
parAsic,sic,
parAsU,sU,
parAsf,sf,
parAsfj,sfj,
parAstamB,stamB,
parAhan,han,
parAhA,hA,2
parikaT,kaT,
parikal,kal,2
parikal,kal,3
parikIrt,kIrt,
parikup,kup,
parikf,kf,1
parikft,kft,2
parikft,kft,3
parikfz,kfz,
parikF,kF,1
parikram,kram,
parikrI,krI,
parikrIq,krIq,
parikruD,kruD,
parikruS,kruS,
pariklam,klam,
parikliS,kliS,
parikvaT,kvaT,
parikzar,kzar,
parikzal,kzal,2
parikzi,kzi,4
parikzi,kzi,2
parikzip,kzip,
pariKid,Kid,
pariKyA,KyA,
parigaR,gaR,
parigam,gam,
parigarj,garj,
parigarh,garh,
parigA,gA,
parigE,gE,
parigras,gras,
parigrah,grah,
pariGaw,Gaw,
pariGaww,Gaww,
pariGUrR,GUrR,
pariGfz,Gfz,
pariGrA,GrA,
paricakz,cakz,
paricar,car,
parici,ci,1
parici,ci,2
paricint,cint,
paricumb,cumb,
paricft,cft,
paricCad,Cad,
paricCid,Cid,
parijalp,jalp,
pariji,ji,
parijfmB,jfmB,
parijF,jF,1
parijYA,jYA,
parijval,jval,
pariRad,nad,
pariRam,nam,
pariRaS,naS,
pariRah,nah,
pariRiDA,DA,
pariRihan,han,
pariRI,nI,
pariRud,nud,
paritaq,taq,
paritan,tan,
paritap,tap,
paritam,tam,
paritark,tark,
paritud,tud,
parituz,tuz,
paritfd,tfd,
parityaj,tyaj,
paritrE,trE,
paridah,dah,
paridA,dA,1
paridiv,div,1
paridIp,dIp,
paridu,du,2
paridfS,dfS,
paridF,dF,
paridru,dru,
pariDA,DA,1
pariDAv,DAv,
pariDU,DU,
pariDf,Df,
pariDfz,Dfz,
pariniHstan,stan,
parinind,nind,
parinirRij,nij,
parinirluW,luW,2
parinirvA,vA,2
parinivft,vft,
parinizad,sad,
parinizic,sic,
parinizev,sev,
parinizWA,sTA,
parinizpad,pad,
parinft,nft,
paripac,pac,
paripaW,paW,
paripat,pat,
paripaS,paS,
paripA,pA,1
paripA,pA,3
paripIq,pIq,
paripU,pU,
paripUj,pUj,
paripragrah,grah,
paripraC,praC,
paripraRI,nI,
paripraT,praT,
paripramuc,muc,
pariprasyand,syand,
pariprAp,Ap,
pariprez,iz,
pariplu,plu,
paribanD,banD,
paribAD,bAD,
paribfMh,bfMh,
paribrU,brU,
pariBakz,Bakz,
pariBarts,Barts,
pariBAz,BAz,
pariBAs,BAs,
pariBuj,Buj,1
pariBuj,Buj,3
pariBU,BU,
pariBUz,BUz,
pariBf,Bf,
pariBraMS,BraMS,
pariBram,Bram,
parimA,mA,
parimArg,mArg,
parimi,mi,1
parimuc,muc,
parimuz,muz,
parimuh,muh,
parimf,mf,
parimfg,mfg,
parimfj,mfj,
parimfd,mfd,
parimfS,mfS,
parimfz,mfz,
parimokz,mokz,
parimlE,mlE,
pariyaj,yaj,
pariyat,yat,
pariyam,yam,
pariyA,yA,
parirakz,rakz,
pariraB,raB,
pariram,ram,
parirAj,rAj,
paririh,rih,
pariruc,ruc,
pariruj,ruj,
parilaNG,laNG,
parilaB,laB,
parilamb,lamb,
parilaz,laz,
pariliK,liK,
parilip,lip,
parilih,lih,
pariluW,luW,2
parilup,lup,
pariluB,luB,
parilok,lok,
parivaYc,vaYc,
parivad,vad,
parivand,vand,
parivap,vap,1
parivap,vap,2
parivas,vas,4
parivas,vas,5
parivas,vas,3
parivah,vah,
parivAS,vAS,
parivicar,car,
parivid,vid,3
pariviDAv,DAv,
pariviS,viS,
pariviz,viz,
parivIj,vIj,
parivf,vf,1
parivf,vf,2
parivfj,vfj,
parivft,vft,
parivfD,vfD,
parivfz,vfz,
parive,ve,
parivyaD,vyaD,
parivye,vye,
parivraj,vraj,
parivraSc,vraSc,
pariSaNk,SaNk,
pariSap,Sap,
pariSiz,Siz,
pariSI,SI,
pariSIl,SIl,
pariSuc,Suc,
pariSuD,SuD,
pariSuB,SuB,
pariSuz,Suz,
pariSri,Sri,
pariSru,Sru,
parizaYj,saYj,
parizad,sad,
parizah,sah,
parizic,sic,
pariziD,siD,
pariziv,siv,
parizu,zu,3
parizU,sU,
parizev,sev,
parizo,so,
parizkand,skand,
parizkf,kf,
parizwamB,stamB,
parizwu,stu,
parizwuB,stuB,
parizWA,sTA,
parizvaj,svaj,
parizvan,svan,
parisaMkrIq,krIq,
parisaMkzip,kzip,
parisaMKyA,KyA,
parisaMlih,lih,
parisaMvad,vad,
parisaMspfS,spfS,
parisamUh,Uh,1
parisame,i,
parisf,sf,
parisfp,sfp,
parisKal,sKal,
paristf,stf,
parispand,spand,
parispfS,spfS,
parisPuw,sPuw,
parisPur,sPur,
parisru,sru,
parihan,han,
parihas,has,
parihA,hA,3
parihi,hi,
parihiRq,hiRq,
parihf,hf,
parI,i,
parIkz,Ikz,
parItat,tan,
parIS,IS,
parIz,iz,
pare,i,
parekz,Ikz,
paryaNK,aNK,
paryaYc,aYc,
paryaw,aw,
paryan,an,
paryanviz,iz,3
paryavakF,kF,
paryavacCid,Cid,
paryavado,do,
paryavanud,nud,
paryavazwamB,stamB,
paryavasfp,sfp,
paryavaso,so,
paryavasTA,sTA,
paryavAp,Ap,
paryave,i,
paryavekz,Ikz,
paryaS,aS,1
paryaS,aS,2
paryas,as,1
paryas,as,2
paryAkzip,kzip,
paryAgam,gam,
paryAgal,gal,
paryAcar,car,
paryARah,nah,
paryARI,nI,
paryAtan,tan,
paryAdA,dA,
paryAdru,dru,
paryADA,DA,
paryAp,Ap,
paryApat,pat,
paryABf,Bf,
paryAmuc,muc,
paryAmfS,mfS,
paryAruh,ruh,
paryAvap,vap,2
paryAvft,vft,
paryASvas,Svas,
paryAs,As,
paryAhf,hf,
paryAhve,hve,
paryukz,ukz,
paryutTA,sTA,
paryutsfj,sfj,
paryudas,as,2
paryupalip,lip,
paryupaviS,viS,
paryupasTA,sTA,
paryupahve,hve,
paryupAs,As,
paryUrRu,UrRu,
paryUh,Uh,1
paryfz,fz,1
paryfz,fz,2
parye,i,
palyaNg,aNg,
palyay,ay,
piDA,DA,
pinah,nah,
pinI,nI,
puraskf,kf,
puroDA,DA,
prakaT,kaT,
prakamp,kamp,
prakal,kal,2
prakANkz,kANkz,
prakAS,kAS,
prakASIkf,kf,
prakIrt,kIrt,
prakup,kup,
prakUj,kUj,
prakUrd,kUrd,
prakf,kf,1
prakft,kft,2
prakfz,kfz,
prakF,kF,1
prakxp,kxp,
prakram,kram,
prakrIq,krIq,
prakruS,kruS,
praklid,klid,
prakvaR,kvaR,
prakzar,kzar,
prakzal,kzal,
prakzi,kzi,
prakzip,kzip,
prakzud,kzud,
prakzuB,kzuB,
prakzE,kzE,
prakzRu,kzRu,
praKAd,KAd,
praKud,Kud,
praKyA,KyA,
pragaR,gaR,
pragam,gam,
pragarj,garj,
pragalB,galB,
pragA,gA,
pragAh,gAh,
pragF,gF,1
pragE,gE,
pragraT,graT,
pragras,gras,
pragrah,grah,
praglE,glE,
praGaw,Gaw,
praGAtaya,GAtaya,
praGf,Gf,
praGfz,Gfz,
pracakz,cakz,
pracat,cat,
pracar,car,
pracal,cal,
praci,ci,1
pracit,cit,
pracint,cint,
pracud,cud,
pracUrR,cUrR,
pracft,cft,
pracCad,Cad,
pracCid,Cid,
pracCuq,Cuq,
pracCfd,Cfd,
pracCo,Co,
pracyu,cyu,
prajan,jan,
prajap,jap,
prajalp,jalp,
prajAgf,jAgf,
praji,ji,
prajinv,jinv,
prajU,jU,
prajfmB,jfmB,
prajF,jF,
prajYA,jYA,
prajval,jval,
praRad,nad,
praRaB,naB,
praRam,nam,
praRaS,naS,
praRaS,naS,
praRikz,nikz,
praRigad,gad,
praRij,nij,
praRijYA,jYA,
praRiDA,DA,
praRind,nind,
praRipat,pat,
praRihan,han,
praRI,nI,
praRu,nu,
praRud,nud,
pratakz,takz,
prataq,taq,
pratan,tan,
pratap,tap,
pratam,tam,
pratark,tark,
pratikANkz,kANkz,
pratikUj,kUj,
pratikf,kf,
pratikF,kF,
pratikxp,kxp,
pratikram,kram,
pratikruD,kruD,
pratikzip,kzip,
pratiKyA,KyA,
pratigad,gad,
pratigam,gam,
pratigarj,garj,
pratigAh,gAh,
pratigfD,gfD,
pratigF,gF,
pratigrah,grah,
praticakz,cakz,
praticar,car,
praticikIrz,kf,
praticint,cint,
praticCad,Cad,
praticCid,Cid,
pratijan,jan,
pratijap,jap,
pratijalp,jalp,
pratijAgf,jAgf,
pratiji,ji,
pratijuz,juz,
pratijf,jf,
pratijYA,jYA,
pratijval,jval,
pratitaq,taq,
pratitap,tap,
pratidah,dah,
pratidA,dA,
pratidiv,div,2
pratiduh,duh,
pratidfS,dfS,
pratiDA,DA,
pratiDAv,DAv,
pratiDf,Df,
pratinad,nad,
pratinand,nand,
pratinard,nard,
pratiniHsfj,sfj,
pratinikzip,kzip,
pratinigad,gad,
pratinigrah,grah,
pratiniDA,DA,
pratinind,nind,
pratiniras,as,
pratiniryA,yA,
pratinirvap,vap,
pratinivft,vft,
pratinizpU,pU,
pratinistF,tF,
pratinI,nI,
pratinu,nu,
pratinud,nud,
pratinft,nft,
pratinyAgam,gam,
pratipat,pat,
pratipad,pad,
pratiparARI,nI,
pratiparAhf,hf,
pratiparI,i,
pratipare,i,
pratiparyAvft,vft,
pratiparyAhf,hf,
pratipaS,paS,
pratipAl,pAl,
pratipiz,piz,
pratipIq,pIq,
pratipIy,pIy,
pratipUj,pUj,
pratipF,pF,
pratipragrah,grah,
pratipraC,praC,
pratiprajYA,jYA,
pratipradA,dA,
pratiprabrU,brU,
pratipramuc,muc,
pratiprayam,yam,
pratiprayA,yA,
pratiprayuj,yuj,
pratipraviS,viS,
pratiprasU,sU,
pratiprasfp,sfp,
pratiprahi,hi,
pratiprAyA,yA,
pratiprAs,as,
pratiPal,Pal,
pratibanD,banD,
pratibAD,bAD,
pratibuD,buD,
pratibrU,brU,
pratiBakz,Bakz,
pratiBaj,Baj,
pratiBaYj,BaYj,
pratiBaR,BaR,
pratiBA,BA,
pratiBAz,BAz,
pratiBAs,BAs,
pratiBid,Bid,
pratiBuj,Buj,
pratiBU,BU,
pratiBUz,BUz,
pratiBf,Bf,
pratiman,man,
pratimantr,mantr,
pratimA,mA,
pratimih,mih,
pratimIv,mIv,
pratimuc,muc,
pratimud,mud,
pratiyaj,yaj,
pratiyat,yat,
pratiyam,yam,
pratiyA,yA,
pratiyu,yu,
pratiyuj,yuj,
pratiyuD,yuD,
pratirakz,rakz,
pratirap,rap,
pratiram,ram,
pratiras,ras,
pratirAj,rAj,
pratirih,rih,
pratiru,ru,
pratiruc,ruc,
pratiruD,ruD,
pratiruh,ruh,
pratil,til,
pratilaB,laB,
pratiliK,liK,
prativac,vac,
prativad,vad,
prativap,vap,
prativas,vas,
prativas,vas,
prativah,vah,
prativAS,vAS,
prativijYA,jYA,
prativid,vid,
prativid,vid,
prativiDA,DA,
prativinud,nud,
prativiparI,i,
prativibuD,buD,
prativiram,ram,
prativisfj,sfj,
prativihA,hA,
prativI,vI,
prativIkz,Ikz,
prativf,vf,
prativfj,vfj,
prativft,vft,
prativfz,vfz,
prativezw,vezw,
prativyaD,vyaD,
prativyUh,vyUh,
prativraj,vraj,
pratiSaMs,SaMs,
pratiSaNk,SaNk,
pratiSap,Sap,
pratiSuc,Suc,
pratiSuz,Suz,
pratiSF,SF,
pratiSru,Sru,
pratizaYj,saYj,
pratizic,sic,
pratiziD,siD,
pratiziv,siv,
pratizkaB,skaB,
pratizku,sku,
pratizwuB,stuB,
pratizWA,sTA,
pratizWiv,zWiv,
pratizvad,svad,
pratisaMkram,kram,
pratisaMgrah,grah,
pratisaMcar,car,
pratisaMjYA,jYA,
pratisaMdiS,diS,
pratisaMDA,DA,
pratisaMyat,yat,
pratisaMraB,raB,
pratisaMvad,vad,
pratisaMvid,vid,
pratisaMvezw,vezw,
pratisaMSri,Sri,
pratisaMsfj,sfj,
pratisaMskf,skf,
pratisaMsmf,smf,
pratisaMhf,hf,
pratisaMhfz,hfz,
pratisac,sac,
pratisad,sad,
pratisamas,as,
pratisamAdiS,diS,
pratisamADA,DA,
pratisamAs,As,
pratisaminD,inD,
pratisamIkz,Ikz,
pratisamBU,BU,
pratisah,sah,
pratisf,sf,
pratisfj,sfj,
pratisfp,sfp,
pratisev,sev,
pratiskF,kF,
pratistamB,stamB,
pratisparD,sparD,
pratisPur,sPur,
pratismf,smf,
pratisvan,svan,
pratihan,han,
pratihary,hary,
pratihA,hA,
pratihu,hu,
pratihf,hf,
pratihfz,hfz,
pratihez,hez,
pratihve,hve,
pratI,i,
pratIkz,Ikz,
pratIq,Iq,
pratInv,inv,
pratIr,Ir,
pratIz,iz,
pratud,tud,
pratuz,tuz,
pratF,tF,
pratyakzavizayIBU,BU,
pratyaYj,aYj,
pratyad,ad,
pratyaDiSri,Sri,
pratyaDI,i,
pratyanujYA,jYA,
pratyanunI,nI,
pratyanuBU,BU,
pratyanuyAc,yAc,
pratyanusmf,smf,
pratyapayA,yA,
pratyapavah,vah,
pratyaporRu,UrRu,
pratyaBicar,car,
pratyaBijYA,jYA,
pratyaBiDA,DA,1
pratyaBiDAv,DAv,1
pratyaBinand,nand,
pratyaBiprasTA,sTA,
pratyaBimiT,miT,
pratyaBimfS,mfS,
pratyaBiyA,yA,
pratyaBiyuj,yuj,
pratyaBivad,vad,
pratyarc,arc,
pratyarT,arT,
pratyavagam,gam,
pratyavagrah,grah,
pratyavatF,tF,
pratyavado,do,
pratyavaDA,DA,1
pratyavaBAz,BAz,
pratyavaBuj,Buj,1
pratyavamfS,mfS,
pratyavamfz,mfz,
pratyavaruh,ruh,
pratyavasad,sad,
pratyavasfj,sfj,
pratyavasfp,sfp,
pratyavaso,so,
pratyavasTA,sTA,
pratyavahan,han,
pratyavAp,Ap,
pratyave,i,
pratyavekz,Ikz,
pratyas,as,1
pratyas,as,2
pratyAkANkz,kANkz,
pratyAkfz,kfz,
pratyAkram,kram,
pratyAkruS,kruS,
pratyAKyA,KyA,
pratyAgam,gam,
pratyAgF,gF,
pratyAcakz,cakz,
pratyAjan,jan,
pratyAtan,tan,
pratyAdA,dA,
pratyAdiS,diS,
pratyAdf,df,
pratyAdru,dru,
pratyAnah,nah,
pratyAnI,nI,
pratyAbrU,brU,
pratyABU,BU,
pratyAyA,yA,
pratyAlaB,laB,
pratyAliNg,liNg,
pratyAlI,lI,
pratyAvap,vap,2
pratyAvft,vft,
pratyAvraj,vraj,
pratyASaMs,SaMs,
pratyASI,SI,
pratyASvas,Svas,
pratyAs,As,
pratyAsad,sad,
pratyAsev,sev,
pratyAsTA,sTA,
pratyAhan,han,
pratyAhf,hf,
pratyAhve,hve,
pratyukz,ukz,
pratyuccar,car,
pratyucCri,Sri,
pratyujjIv,jIv,
pratyuttamB,stamB,
pratyutTA,sTA,
pratyutpA,pA,5
pratyutsad,sad,
pratyudAvraj,vraj,
pratyudAhf,hf,
pratyudi,i,
pratyudIkz,Ikz,
pratyudgam,gam,
pratyudgrah,grah,
pratyuddIp,dIp,
pratyudyam,yam,
pratyudyA,yA,
pratyudvraj,vraj,
pratyunmiz,miz,
pratyupakf,kf,
pratyupakram,kram,
pratyupagam,gam,
pratyupadiS,diS,
pratyupadru,dru,
pratyupaDA,DA,1
pratyupaBuj,Buj,2
pratyupayA,yA,
pratyupaviS,viS,
pratyupavraj,vraj,
pratyupasf,sf,
pratyupasTA,sTA,
pratyupaspfS,spfS,
pratyupahve,hve,
pratyupADA,DA,1
pratyupAhf,hf,
pratyupe,i,
pratyuz,uz,
pratyUh,Uh,
pratye,i,
pratyez,Iz,
pratras,tras,
pratvakz,tvakz,
pratvar,tvar,
pradakziRIkf,kf,
pradas,das,
pradah,dah,
pradA,dA,1
pradiS,diS,
pradih,dih,
pradIp,dIp,
pradu,du,2
praduz,duz,
pradF,dF,
pradyut,dyut,1
pradru,dru,
pradrek,drek,
pradviz,dviz,
praDA,DA,1
praDAv,DAv,1
praDAv,DAv,2
praDU,DU,
praDf,Df,
praDfz,Dfz,
praDmA,DmA,
praDyE,DyE,
praDraj,Draj,
praDvaMs,DvaMs,
praDvan,Dvan,
pranakz,nakz,
pranaB,naB,
pranard,nard,
praniBid,Bid,
pranirakz,rakz,
pranft,nft,
prapac,pac,2
prapaW,paW,
prapat,pat,
prapad,pad,2
prapaS,paS,
prapA,pA,1
prapA,pA,3
prapinv,pinv,
prapiz,piz,
prapIq,pIq,
prapuz,puz,
prapUj,pUj,
prapfc,pfc,
prapF,pF,
prapyE,pyE,
praprajan,jan,
praprapF,pF,
praprarz,fz,
prapravI,vI,
praprasTA,sTA,
praprAs,as,
prapruT,pruT,
prapre,i,
praplu,plu,
prabanD,banD,
prabalIBU,BU,
prabAD,bAD,
prabuD,buD,
prabrU,brU,
praBaj,Baj,
praBaYj,BaYj,
praBA,BA,1
praBAz,BAz,
praBAs,BAs,
praBid,Bid,
praBU,BU,
praBUz,BUz,
praBf,Bf,
praBraMS,BraMS,
praBram,Bram,
praBrAj,BrAj,
pramajj,majj,
pramaT,maT,
pramad,mad,
praman,man,
pramanT,maT,
pramand,mand,
pramA,mA,
prami,mi,1
pramid,mid,
pramih,mih,
pramI,mI,
pramIl,mIl,
pramIv,mIv,
pramuc,muc,
pramud,mud,
pramurC,murC,
pramuz,muz,
pramuh,muh,
pramf,mf,
pramfj,mfj,
pramfR,mfR,
pramfd,mfd,
pramfS,mfS,
pramF,mF,
pramlAnIBU,BU,
pramluc,mluc,
pramlE,mlE,
prayakz,yakz,
prayaj,yaj,
prayat,yat,
prayaB,yaB,
prayam,yam,
prayas,yas,
prayA,yA,
prayAc,yAc,
prayu,yu,2
prayuC,yuC,
prayuj,yuj,
prayuD,yuD,
prarakz,rakz,
prarad,rad,
prarap,rap,
prarapS,rapS,
praram,ram,
praric,ric,
prarI,rI,
praru,ru,
praruc,ruc,
praruj,ruj,
prarud,rud,
praruD,ruD,
praruh,ruh,
prarUp,rUp,
prarej,rej,
pralap,lap,
pralaB,laB,
pralamb,lamb,
praliK,liK,
pralip,lip,
pralih,lih,
pralI,lI,
praluW,luW,
pralup,lup,
praluB,luB,
pralU,lU,
pravac,vac,
pravad,vad,
pravan,van,
pravap,vap,1
pravap,vap,2
pravarR,varR,
pravalg,valg,
pravalh,valh,
pravas,vas,4
pravas,vas,5
pravah,vah,
pravA,vA,
pravAS,vAS,
pravAh,vAh,
pravikas,kas,
pravikF,kF,
pravigal,gal,
pravigAh,gAh,
praviGaw,Gaw,
pravicakz,cakz,
pravicar,car,
pravical,cal,
pravici,ci,2
pravicint,cint,
pravicezw,cezw,
pravij,vij,
pravijfmB,jfmB,
pravijYA,jYA,
pravid,vid,1
pravid,vid,3
praviduh,duh,
praviDA,DA,1
pravinaS,naS,2
praviBaj,Baj,
praviBuj,Buj,1
pravimuc,muc,
pravilaB,laB,
pravilamb,lamb,
pravilas,las,
pravilI,lI,
pravilok,lok,
praviS,viS,
praviSiz,Siz,
pravistf,stf,
pravihA,hA,3
pravI,vI,
pravf,vf,1
pravf,vf,2
pravfj,vfj,
pravft,vft,
pravfD,vfD,
pravfz,vfz,
pravfh,vfh,
prave,ve,
pravep,vep,
pravyaT,vyaT,
pravyaD,vyaD,
pravyas,as,2
pravyAhf,hf,
pravraj,vraj,
pravraSc,vraSc,
pravlI,vlI,
praSaMs,SaMs,
praSak,Sak,
praSam,Sam,
praSAs,SAs,
praSI,SI,
praSuc,Suc,
praSuB,SuB,
praSuz,Suz,
praSF,SF,
praScut,Scut,
praSri,Sri,
praSru,Sru,
praSvas,Svas,
prazWiv,zWiv,
prasaMKyA,KyA,
prasaMcakz,cakz,
prasaMDA,DA,
prasac,sac,
prasaYj,saYj,
prasad,sad,
prasan,san,
prasamIkz,Ikz,
prasah,sah,
prasi,si,1
prasic,sic,
prasiD,siD,2
prasiD,siD,3
prasiv,siv,
prasU,sU,1
prasU,sU,2
prasUc,sUc,
prasf,sf,
prasfj,sfj,
prasfp,sfp,
praskand,skand,
prasKal,sKal,
prastu,stu,
prastuB,stuB,
prastump,tump,
prastf,stf,
prasTA,sTA,
prasnA,snA,
prasnu,snu,
praspand,spand,
prasparD,sparD,
prasPuw,sPuw,
prasPur,sPur,
prasmi,smi,
prasmf,smf,
prasyand,syand,
prasraMs,sraMs,
prasru,sru,
prasvap,svap,
prasvid,svid,
prasvf,svf,
prahan,han,
prahas,has,
prahA,hA,2
prahA,hA,3
prahi,hi,
prahu,hu,
prahf,hf,
prahfz,hfz,
prahlAd,hlAd,
prahval,hval,
prahve,hve,
prAkf,kf,
prAR,an,
prAd,ad,
prAdA,dA,
prAdru,dru,
prADI,i,
prAn,an,
prAp,Ap,
prABiRI,nI,
prAyA,yA,
prAyuD,yuD,
prAr,f,
prAraB,raB,
prAruh,ruh,
prArc,arc,
prArC,fC,
prArj,fj,
prArYj,fYj,
prArT,arT,
prArd,ard,
prArD,fD,
prArz,fz,
prArh,arh,
prAv,av,
prAvanij,nij,
prAvaso,so,
prAviS,viS,
prAvf,vf,
prAS,aS,
prAS,aS,
prASvas,Svas,
prAs,as,
prAs,as,
prAh,ah,
priyAkf,kf,
priyAmuKIBU,BU,
pre,i,
prekz,Ikz,
preNK,INK,
preq,Iq,
prenv,inv,
premarASIBU,BU,
prer,Ir,
prez,iz,
prED,eD,
prokz,ukz,
proccar,car,
proccal,cal,
procCal,Sal,
procCvas,Svas,
projjval,jval,
projJ,ujJ,
proYC,uYC,
proqqI,qI,
protkUj,kUj,
protKan,Kan,
protKE,KE,
prottF,tF,
protTA,sTA,
protpat,pat,
protpad,pad,
protsad,sad,
protsah,sah,
protsf,sf,
protsfj,sfj,
protsfp,sfp,
prodi,i,
prodDA,hA,
prodDf,hf,
prodyam,yam,
prodvah,vah,
prodvij,vij,
pronnad,nad,
pronnam,nam,
pronnI,nI,
pronmaT,maT,
pronmad,mad,
pronmIl,mIl,
proB,uB,
prorRu,UrRu,
prollaNG,laNG,
prollas,las,
prolliK,liK,
proh,Uh,
prOQIBU,BU,
PalIkf,kf,
PalIBU,BU,
Putkf,kf,
baDirIkf,kf,
bahalIBU,BU,
bahulIBU,BU,
bIjAkf,kf,
brAhmaRIBU,BU,
BadrAkf,kf,
BasmAkf,kf,
BasmIkf,kf,
BasmIBU,BU,
BAgIkf,kf,
BAvayatIBU,BU,
BImaBavIBU,BU,
BftyIBU,BU,
BfSIBU,BU,
maYjarIkf,kf,
matIkf,kf,
madBU,BU,
madrAkf,kf,
manIkf,kf,
manujIkf,kf,
mantravaSIkf,kf,
mandIkf,kf,
mandIBU,BU,
mayUrIBU,BU,
marUBU,BU,
martyIBU,BU,
maryAdIkf,kf,
malinIkf,kf,
malinIBU,BU,
mazmazAkf,kf,
mahIkf,kf,
mAYjizWIkf,kf,
mAtrIkf,kf,
mAnuzIBU,BU,
mArdavIkf,kf,
mAsIkf,kf,
mitrIkf,kf,
mitrIBU,BU,
miTunIkf,kf,
miTunIBU,BU,
miSrIkf,kf,
miSrIBU,BU,
mukulIkf,kf,
muKarIkf,kf,1
muYjIkf,kf,
muzwIkf,kf,
musalIBU,BU,
mUkIkf,kf,
mUrKIBU,BU,
mUlIkf,kf,
mfdUas,as,
mfdUBU,BU,
meKalIkf,kf,1
moGIkf,kf,
yAnIkf,kf,
yUTIkf,kf,1
yUpIkf,kf,1
rajIkf,kf,
rajjUkf,kf,
rahIkf,kf,
rahIBU,BU,
rAjamArgIkf,kf,
rASIkf,kf,
rASIBU,BU,
riktIkf,kf,
rUpIkf,kf,
rEkf,kf,
lakzIkf,kf,
lakzIBU,BU,
lakzyIkf,kf,
lakzyIBU,BU,
laGUkf,kf,
liptIkf,kf,
lokAyata,kf,
lohitIBU,BU,
vakrIkf,kf,
vakrIBU,BU,
vajrasArIkf,kf,
varaDarmIkf,kf,
varRIBU,BU,
vartIkf,kf,
valayIkf,kf,
valayIBU,BU,
vaSIkf,kf,
vaSIBU,BU,
vahanIkf,kf,
vahnisAtkf,kf,
vAjIkf,kf,
vAntIkf,kf,
vAmIkf,kf,
vAlavyajanIBU,BU,
vAhanIkf,kf,
vAhanIBU,BU,
vikacIkf,kf,
vikawIkf,kf,
vikatT,katT,
vikamp,kamp,
vikalIkf,kf,
vikas,kas,
vikANkz,kANkz,
vikAS,kAS,
vikUj,kUj,
vikf,kf,1
vikft,kft,2
vikfz,kfz,
vikF,kF,
vikxp,kxp,
vikram,kram,
vikrI,krI,
vikrIq,krIq,
vikruS,kruS,
viklav,klav,
viklavIkf,kf,
viklavIBU,BU,
vikzar,kzar,
vikzi,kzi,4
vikzip,kzip,
vikzuD,kzuD,
vikzuB,kzuB,
viKan,Kan,
viKid,Kid,
viKyA,KyA,
vigaR,gaR,
vigam,gam,
vigarj,garj,
vigarh,garh,
vigal,gal,
vigAh,gAh,
viguRIkf,kf,
vigE,gE,
vigraT,graT,1
vigrah,grah,
viGaw,Gaw,
viGaww,Gaww,
viGUrR,GUrR,
viGrA,GrA,
vicakz,cakz,
vicaw,caw,
vicar,car,
vical,cal,
vici,ci,1
vici,ci,2
vicit,cit,4
vicint,cint,
vicumb,cumb,
vicUrR,cUrR,
vicUrRIBU,BU,
vicft,cft,
vicezw,cezw,
vicCad,Cad,
vicCad,Cad,
vicCAyIkf,kf,
vicCid,Cid,
vicCo,Co,
vijan,jan,
viji,ji,
vijIv,jIv,
vijfmB,jfmB,
vijYA,jYA,
viqamb,qamb,
vitakz,takz,
vitaq,taq,
vitatIkf,kf,
vitaTIkf,kf,
vitan,tan,
vitap,tap,
vitark,tark,
vitAnIkf,kf,
vitAnIBU,BU,
vitud,tud,
vituzIkf,kf,
vitfd,tfd,
vitfp,tfp,
vitfz,tfz,
vitF,tF,
vitras,tras,
vitruq,truq,
vidaMS,daMS,
viday,day,
vidal,dal,
vidas,das,
vidah,dah,
vidA,dA,
vidA,dA,
vidAS,dAS,
vidiv,div,
vidIp,dIp,
vidu,du,
viduz,duz,
viduh,duh,
vidUrIBU,BU,
vidfS,dfS,
vidF,dF,
vidyut,dyut,
vidru,dru,
vidruh,druh,
vidrE,drE,
vidviz,dviz,
viDanIkf,kf,
viDam,Dam,
viDA,DA,
viDAv,DAv,
viDU,DU,
viDUp,DUp,
viDf,Df,
viDmA,DmA,
viDvaMs,DvaMs,
viDvas,Dvas,
vinad,nad,
vinand,nand,
vinam,nam,
vinaya,nI,
vinard,nard,
vinaS,naS,
vinaS,naS,
viniHSvas,Svas,
viniHsf,sf,
vinikf,kf,
vinikft,kft,
vinikz,nikz,
vinikzip,kzip,
vinigad,gad,
viniguh,guh,
vinid,nid,
viniDA,DA,
viniDf,Df,
viniDvaMs,DvaMs,
viniDvas,Dvas,
vinind,nind,
vinipat,pat,
viniyam,yam,
viniyuj,yuj,
vinirgam,gam,
vinirji,ji,
vinirRI,nI,
vinirdah,dah,
vinirdiS,diS,
vinirmuc,muc,
viniryA,yA,
vinirliK,liK,
vinirvam,vam,
vinirhf,hf,
vinivft,vft,
viniScar,car,
viniSvas,Svas,
vinizad,sad,
vinizkram,kram,
vinizwan,stan,
vinizWiv,zWiv,
vinizpaw,paw,
vinizpat,pat,
vinizpiz,piz,
vinizpIq,pIq,
vinihan,han,
vinihnu,hnu,
vinI,nI,
vinu,nu,
vinud,nud,
vinft,nft,
vinyas,as,
vipakzIkf,kf,
vipac,pac,
vipaYcaya,paYcaya,
vipaw,paw,
vipaW,paW,
vipaR,paR,
vipat,pat,
vipad,pad,
viparikram,kram,
viparigA,gA,
vipariRam,nam,
viparidru,dru,
vipariDA,DA,
vipariDAv,DAv,
viparipat,pat,
viparivft,vft,
viparihf,hf,
viparI,i,
vipare,i,
viparyas,as,
viparyAvft,vft,
viparyUh,Uh,
vipalyay,ay,
vipaS,paS,
vipA,pA,
vipiS,piS,
vipulIkf,kf,
vipU,pU,
vipfc,pfc,
vipfzWIBU,BU,
viprakf,kf,
viprakfz,kfz,
vipraC,praC,
vipraRaS,naS,
vipraRI,nI,
vipratikf,kf,
vipratipad,pad,
vipratiBA,BA,
vipraT,praT,
vipraduh,duh,
vipradru,dru,
vipraDAv,DAv,
vipramuc,muc,
viprayuj,yuj,
vipralap,lap,
vipralaB,laB,
vipralup,lup,
vipraluB,luB,
vipravad,vad,
vipravas,vas,
vipravraj,vraj,
viprasAtkf,kf,
viprasf,sf,
viprasfp,sfp,
viprasTA,sTA,
viprahA,hA,
vipru,pru,
vipre,i,
viprekz,Ikz,
viplu,plu,
viPalIkf,kf,
viPalIBU,BU,
vibanD,banD,
vibAD,bAD,
vibuD,buD,
vibfh,bfh,
vibfh,bfh,
vibrU,brU,
viBaj,Baj,
viBaYj,BaYj,
viBA,BA,
viBAgIkf,kf,
viBAz,BAz,
viBAs,BAs,
viBid,Bid,
viBinnIkf,kf,
viBI,BI,
viBU,BU,
viBUz,BUz,
viBf,Bf,
viBraMS,BraMS,
viBram,Bram,
viBrAj,BrAj,
vimaMh,maMh,
vimajj,majj,
vimaT,maT,
vimad,mad,
vimadIkf,kf,
viman,man,
vimanT,manT,
vimA,mA,3
vimAnIkf,kf,
vimi,mi,
vimiSr,miSr,
vimuKIkf,kf,
vimuKIBU,BU,
vimuc,muc,
vimuh,muh,
vimfj,mfj,
vimfd,mfd,
vimfS,mfS,
vimfz,mfz,
vime,me,
vimokz,mokz,
vimrit,mrit,
vimlE,mlE,
viyat,yat,
viyam,yam,
viyA,yA,
viyu,yu,
viyuj,yuj,
virakz,rakz,
virac,rac,
virajIkf,kf,
virajIBU,BU,
viraYj,raYj,
viraTIkf,kf,
viraTIBU,BU,
virad,rad,
virapS,rapS,
viram,ram,
viralIkf,kf,
viras,ras,1
virasIkf,kf,
virasIBU,BU,
virah,rah,
virahIkf,kf,
virAj,rAj,
virAD,rAD,
viru,ru,
viruc,ruc,
viruj,ruj,1
virud,rud,
viruD,ruD,2
viruz,ruz,
viruh,ruh,
vilakz,lakz,
vilakzIkf,kf,
vilag,lag,
vilaNG,laNG,
vilajj,lajj,
vilap,lap,
vilaB,laB,
vilamb,lamb,
vilas,las,
viliK,liK,
vilip,lip,
viliS,liS,
vilih,lih,
vilI,lI,
viluYc,luYc,
viluW,luW,2
viluRW,luRW,
vilup,lup,
vivac,vac,
vivad,vad,
vivarR,varR,
vivarD,varD,
vival,val,
vivalg,valg,
vivas,vas,2
vivas,vas,4
vivas,vas,5
vivah,vah,
vivA,vA,
vivAc,vac,
vivic,vic,
vivip,vip,
viviS,viS,
vivf,vf,1
vivft,vft,
vivfD,vfD,
vive,ve,
viven,ven,
vivell,vell,
vivyaD,vyaD,
vivraSc,vraSc,
viSaMs,SaMs,
viSaNk,SaNk,
viSadIkf,kf,
viSas,Sas,
viSAs,SAs,
viSiYj,SiYj,
viSiz,Siz,
viSI,SI,
viSuD,SuD,
viSuB,SuB,
viSuz,Suz,1
viSfD,SfD,
viSezaRIkf,kf,
viSraT,SraT,
viSram,Sram,
viSramB,SramB,
viSri,Sri,
viSrIkf,kf,
viSru,Sru,1
viSliz,Sliz,
viSvas,Svas,
viSvi,Svi,
viSvit,Svit,
vizaYj,saYj,
vizad,sad,
vizamIkf,kf,
vizamIBU,BU,
vizayIkf,kf,
vizayIBU,BU,
vizah,sah,
vizic,sic,
viziv,siv,
vizu,su,
vizU,sU,
vizev,sev,
vizo,so,
vizkamB,skamB,
vizkumB,skumB,
vizwan,stan,
vizwamB,stamB,
vizwu,stu,
vizwuB,stuB,
vizWA,sTA,
vizpf,spf,
vizyand,syand,
vizvaYj,svaYj,
vizvan,svan,
visaMvad,vad,
visiD,siD,1
visUtr,sUtr,
visf,sf,
visfj,sfj,
visfp,sfp,
vistan,stan,
vistf,stf,
vispand,spand,
visparD,sparD,
vispazwIkf,kf,
visPAy,sPAy,
visPuw,sPuw,
visPur,sPur,
visPul,sPul,
visPuliNga,BU,
visPUrj,sPUrj,
vismi,smi,
vismf,smf,
visraMs,sraMs,
visru,sru,
visvan,svan,
visvap,svap,
vihan,han,
vihary,hary,
vihas,has,
vihA,hA,1
vihA,hA,3
vihiMs,hiMs,
vihurC,hurC,
vihf,hf,
viheW,heW,
vihel,hel,
vihnu,hnu,
vihru,hru,
vihval,hval,
vihve,hve,
vI,i,
vIkz,Ikz,
vINK,INK,
vIn,in,
vIps,Ap,
vIr,Ir,
vIz,Iz,
vIz,iz,
vErIBU,BU,
vyaMs,aMs,
vyaktIkf,kf,
vyaktIBU,BU,
vyakz,akz,
vyaNgIkf,kf,
vyaNgulIkf,kf,
vyac,ac,
vyaj,aj,
vyajanIkf,kf,
vyajanIBU,BU,
vyaYc,aYc,
vyaYj,aYj,
vyatikram,kram,
vyatigam,gam,
vyatigA,gA,
vyaticar,car,
vyatijalp,jalp,
vyatiji,ji,
vyatitan,tan,
vyatitF,tF,
vyatinI,nI,
vyatipaW,paW,
vyatiBA,BA,
vyatiBU,BU,
vyatiyA,yA,
vyatiyu,yu,
vyatirA,rA,
vyatiruh,ruh,
vyatilU,lU,
vyativah,vah,
vyativft,vft,
vyativraj,vraj,
vyatiSI,SI,
vyatiSF,SF,
vyatizaYj,sanj,
vyatisaMdah,dah,
vyatisfp,sfp,
vyatihan,han,
vyatihas,has,
vyatihiMs,hiMs,
vyatihf,hf,
vyatI,i,
vyatyas,as,
vyatyUh,Uh,
vyad,ad,
vyan,an,
vyanuDA,DA,
vyanusf,sf,
vyantIkf,kf,
vyanvAraB,raB,
vyapakfz,kfz,
vyapakram,kram,
vyapagam,gam,
vyapatrap,trap,
vyapadiS,diS,
vyapanI,nI,
vyapanud,nud,
vyapamuc,muc,
vyapayA,yA,
vyapavft,vft,
vyapasf,sf,
vyapasfj,sfj,
vyapasfp,sfp,
vyapasPur,sPur,
vyapahan,han,
vyapahf,hf,
vyapAnud,nud,
vyapASri,Sri,
vyapAhf,hf,
vyape,i,
vyapekz,Ikz,
vyapoh,Uh,
vyaBicar,car,
vyayIkf,kf,
vyarTIkf,kf,
vyarTIBU,BU,
vyard,ard,
vyavakfz,kfz,
vyavakF,kF,
vyavagam,gam,
vyavagAh,gAh,
vyavacCid,Cid,
vyavadru,dru,
vyavaDA,DA,
vyavaDAv,DAv,
vyavaDU,DU,
vyavaDf,Df,
vyavapad,pad,
vyavaBakz,Bakz,
vyavaruh,ruh,
vyavalI,lI,
vyavavad,vad,
vyavavid,vid,
vyavavlI,vlI,
vyavaScut,Scut,
vyavasad,sad,
vyavasfj,sfj,
vyavasfp,sfp,
vyavaso,so,
vyavastuB,stuB,
vyavasTA,sTA,
vyavasraMs,sraMs,
vyavasru,sru,
vyavahf,hf,
vyave,i,
vyaS,aS,
vyaS,aS,
vyas,as,2
vyasanIkf,kf,
vyAkulIkf,kf,
vyAkulIBU,BU,
vyAkf,kf,
vyAkfz,kfz,
vyAkoSIkf,kf,
vyAkruS,kruS,
vyAkzip,kzip,
vyAKyA,KyA,
vyAGUrR,GUrR,
vyAGrA,GrA,
vyAcakz,cakz,
vyAjIkf,kf,
vyAjfmB,jfmB,
vyAtan,tan,
vyAdA,dA,
vyAdiS,diS,
vyADU,DU,
vyAnam,nam,
vyAnamrIkf,kf,
vyAnI,nI,
vyAp,Ap,
vyApad,pad,
vyApf,pf,
vyAbAD,bAD,
vyABAz,BAz,
vyAmuc,muc,
vyAmuh,muh,
vyAyam,yam,
vyAlamb,lamb,
vyAliK,liK,
vyAlup,lup,
vyAvalg,valg,
vyAviS,viS,
vyAvf,vf,
vyAvf,vf,
vyAvft,vft,
vyAvyaD,vyaD,
vyAsaYj,saYj,
vyAsic,sic,
vyAsiD,siD,
vyAsf,sf,
vyAhan,han,
vyAhf,hf,
vyAhve,hve,
vyu,u,
vyukz,ukz,
vyuccar,car,
vyucCid,Cid,
vyutkram,kram,
vyutTA,sTA,
vyutpad,pad,
vyutsad,sad,
vyutsic,sic,
vyutsfj,sfj,
vyutsfp,sfp,
vyud,ud,
vyudas,as,
vyudUh,Uh,
vyudDf,hf,
vyupanI,nI,
vyupayuj,yuj,
vyuparam,ram,
vyupaviS,viS,
vyupaSam,Sam,
vyupAram,ram,
vyupAs,as,
vyupe,i,
vyubj,ubj,
vyUrRu,UrRu,
vyUh,Uh,
vyUh,Uh,
vyUhIkf,kf,
vyf,f,
vyfC,fC,
vyfz,fz,
vyfz,fz,
SakalAkf,kf,
SakalIkf,kf,
SakalIBU,BU,
SataguRIBU,BU,
SataBaNgIBU,BU,
SabarIBU,BU,
SambAkf,kf,
SayanIkf,kf,
SaraRIkf,kf,
SarIkf,kf,
SarIrIBU,BU,
SaSIBU,BU,
SAkarasIkf,kf,
SAlInIkf,kf,
SiTilIkf,kf,
SiTilIBU,BU,
SilIBU,BU,
SiSirIkf,kf,
SiSirIBU,BU,
SizyIkf,kf,
SItalIkf,kf,
SItalIBU,BU,
SItIkf,kf,
SItIBU,BU,
SItkf,kf,
SIrRIkf,kf,
SukIBU,BU,
SukrIBU,BU,
SuklIkf,kf,
SuklIBU,BU,
SucIkf,kf,
SucIBU,BU,
SuBIkf,kf,
SuBrIBU,BU,
SUdrIBU,BU,
SUnyIkf,kf,
SUnyIBU,BU,
SUrIkf,kf,
SUlAkf,kf,
SeKarIkf,kf,
SeKarIBU,BU,
SezIBU,BU,
SoRIkf,kf,
SyAmalIkf,kf,
SyAmIkf,kf,
SyAmIBU,BU,
SyetIkf,kf,
Sratkf,kf,
SradDA,DA,
SrotriyasAtkf,kf,
SlakzRIkf,kf,
SlaTIkf,kf,
saMkaT,kaT,
saMkamp,kamp,
saMkarIkf,kf,
saMkal,kal,2
saMkal,kal,3
saMkAS,kAS,
saMkIrt,kIrt,
saMkuc,kuc,
saMkuYc,kuYc,
saMkup,kup,1
saMkf,kf,1
saMkfz,kfz,
saMkF,kF,
saMkFt,kIrt,
saMkxp,kxp,
saMketIkf,kf,
saMkram,kram,
saMkramIkf,kf,
saMkrI,krI,
saMkrIq,krIq,
saMkruD,kruD,
saMkruS,kruS,
saMkliS,kliS,
saMkzap,kzap,1
saMkzar,kzar,
saMkzi,kzi,2
saMkzi,kzi,4
saMkzip,kzip,
saMkzud,kzud,
saMkzRu,kzRu,
saMKAd,KAd,
saMKid,Kid,
saMKyA,KyA,
saMgam,gam,
saMgarj,garj,
saMgA,gA,
saMgAh,gAh,
saMgfBAya,grah,
saMgF,gF,1
saMgF,gF,2
saMgE,gE,
saMgraB,grah,
saMgraB,graB,
saMgras,gras,
saMgrah,grah,
saMgrAm,grAm,
saMGaw,Gaw,
saMGaww,Gaww,
saMGIBU,BU,
saMGfz,Gfz,
saMcakz,cakz,
saMcar,car,
saMcal,cal,
saMci,ci,1
saMcit,cit,4
saMcint,cint,
saMcUrR,cUrR,
saMcft,cft,
saMcezw,cezw,
saMCid,Cid,
saMjan,jan,
saMjap,jap,
saMjalp,jalp,
saMji,ji,
saMjIv,jIv,
saMjUrv,jUrv,
saMjfmB,jfmB,
saMjF,jF,1
saMjF,jF,2
saMjYA,jYA,
saMjYopasarjanIBU,BU,
saMjvar,jvar,
saMjval,jval,
saMtakz,takz,
saMtaq,taq,
saMtan,tan,
saMtap,tap,
saMtam,tam,
saMtark,tark,
saMtud,tud,
saMtul,tul,
saMtuz,tuz,
saMtfd,tfd,
saMtfp,tfp,
saMtF,tF,
saMtyaj,tyaj,
saMtras,tras,
saMtvar,tvar,
saMdaMS,daMS,
saMdas,das,
saMdah,dah,
saMdA,dA,
saMdA,dA,
saMdA,dA,
saMdiS,diS,
saMdih,dih,
saMdIp,dIp,
saMduz,duz,
saMduh,duh,
saMdfS,dfS,
saMdru,dru,
saMDanv,Danv,
saMDaya,DA,
saMDA,DA,
saMDAv,DAv,
saMDAv,DAv,2
saMDukz,Dukz,
saMDU,DU,
saMDf,Df,
saMDyE,DyE,
saMnad,nad,
saMnam,nam,
saMnard,nard,
saMnas,nas,
saMnah,nah,
saMnikzip,kzip,
saMnigam,gam,
saMnigrah,grah,
saMniGfz,Gfz,
saMniDA,DA,
saMnipat,pat,
saMnibuD,buD,
saMnimajj,majj,
saMnimantr,mantr,
saMnimIl,mIl,
saMniyam,yam,
saMniyuj,yuj,
saMniruD,ruD,
saMnirgam,gam,
saMnirvap,vap,
saMnilI,lI,
saMnivap,vap,
saMnivas,vas,
saMnivas,vas,
saMniviS,viS,
saMnivft,vft,
saMnizad,sad,
saMnizic,sic,
saMnihan,han,
saMnI,nI,
saMnu,nu,
saMnu,nu,
saMnud,nud,
saMnft,nft,
saMnyas,as,
saMyaj,yaj,
saMyat,yat,
saMyam,yam,
saMyas,yas,
saMyA,yA,
saMyAc,yAc,
saMyu,yu,2
saMyuj,yuj,
saMyuD,yuD,
saMrakz,rakz,
saMraYj,raYj,
saMraB,raB,
saMram,ram,
saMrAj,rAj,
saMrI,rI,
saMru,ru,
saMruc,ruc,
saMruj,ruj,
saMruD,ruD,2
saMruh,ruh,
saMrej,rej,
saMlakz,lakz,
saMlaNG,laNG,
saMlajj,lajj,
saMlap,lap,
saMlaB,laB,
saMliK,liK,
saMlih,lih,
saMlI,lI,
saMlup,lup,
saMluB,luB,
saMlok,lok,
saMvaMh,baMh,
saMvac,vac,
saMvaYc,vaYc,
saMvad,vad,
saMvand,vand,
saMvap,vap,2
saMvarR,varR,
saMvalg,valg,
saMvas,vas,4
saMvas,vas,5
saMvah,vah,
saMvA,vA,2
saMvAYC,vAYC,
saMvicint,cint,
saMvij,vij,
saMvijYA,jYA,
saMvitark,tark,
saMvid,vid,1
saMvid,vid,2
saMviDA,DA,
saMvip,vep,
saMviBaj,Baj,
saMviBA,BA,
saMviBAgIkf,kf,
saMvirAj,rAj,
saMvivfD,vfD,
saMviS,viS,
saMvisfj,sfj,
saMvihas,has,
saMvihf,hf,
saMvihval,hval,
saMvIkz,Ikz,
saMvf,vf,
saMvf,vf,
saMvfj,vfj,
saMvft,vft,
saMvfD,vfD,
saMvfz,vfz,
saMve,ve,
saMvep,vep,
saMvezw,vezw,
saMvyac,vyac,
saMvyaT,vyaT,
saMvyaD,vyaD,
saMvye,vye,
saMvraj,vraj,
saMvraSc,vraSc,
saMSaMs,SaMs,
saMSak,Sak,
saMSaNk,SaNk,
saMSap,Sap,
saMSam,Sam,1
saMSAs,SAs,
saMSiYj,SiYj,
saMSI,SI,
saMSuc,Suc,
saMSuD,SuD,
saMSuB,SuB,
saMSuz,Suz,1
saMSF,SF,
saMSo,So,
saMSyE,SyE,
saMSri,Sri,
saMSrI,SrI,
saMSru,Sru,1
saMSlAG,SlAG,
saMSliz,Sliz,
saMSlok,Slok,
saMsaMyu,yu,2
saMsac,sac,
saMsaYj,saYj,
saMsad,sad,
saMsan,san,
saMsah,sah,
saMsic,sic,
saMsiD,siD,3
saMsiv,siv,
saMsu,su,3
saMsU,sU,
saMsUc,sUc,
saMsf,sf,
saMsfj,sfj,
saMsfp,sfp,
saMsev,sev,
saMskand,skand,
saMskf,kf,1
saMstamB,stamB,
saMstu,stu,1
saMstf,stf,
saMstF,stF,
saMsTA,sTA,
saMspand,spand,
saMsparD,sparD,
saMspfS,spfS,
saMspfh,spfh,
saMsPur,sPur,
saMsmi,smi,
saMsmf,smf,
saMsyand,syand,
saMsru,sru,
saMsvaYj,svaYj,
saMsvf,svf,
saMhan,han,
saMhA,hA,1
saMhA,hA,2
saMhi,hi,
saMhu,hu,
saMhf,hf,
saMhfz,hfz,
saMhrAd,hrAd,
saMhve,hve,
sakalIkf,kf,
sakalIviDA,DA,
sajjIkf,kf,
sajjIBU,BU,
sajyIkf,kf,
satkf,kf,
sattrIBU,BU,
satyAkf,kf,
sanATIkf,kf,
sapattrAkf,kf,
sapiRqIkf,kf,
saPalIkf,kf,
saPalIBU,BU,
samakakzA,tul,
samacCedIkf,kf,
samaj,aj,
samaYj,aYj,
samat,at,
samatikram,kram,
samatipraSaMs,SaMs,
samatiyA,yA,
samativft,vft,
samatI,i,
samad,ad,
samaDigam,gam,
samaDiruh,ruh,
samaDiSri,Sri,
samaDizWA,sTA,
samaDisfp,sfp,
samaDI,i,
samaDyAs,As,
saman,an,
samanukamp,kamp,
samanugam,gam,
samanugE,gE,
samanugrah,grah,
samanucint,cint,
samanujan,jan,
samanujYA,jYA,
samanudiS,diS,
samanudru,dru,
samanuDAv,DAv,
samanuDyE,DyE,
samanupad,pad,
samanupaS,paS,
samanupAl,pAl,
samanupraC,praC,
samanuprAp,Ap,
samanuBU,BU,
samanuman,man,
samanuyA,yA,
samanuvas,vas,
samanuvIkz,Ikz,
samanuvft,vft,
samanuvraj,vraj,
samanuSAs,SAs,
samanuSuc,Suc,
samanusfp,sfp,
samanusmf,smf,
samanusvf,svf,
samanvAraB,raB,
samanvAruh,ruh,
samanvi,i,
samanviz,iz,
samanviz,iz,
samapacCid,Cid,
samapaDyE,DyE,
samapAvf,vf,
samapiruh,ruh,
samapoh,Uh,
samaBigam,gam,
samaBigarj,garj,
samaBiguh,guh,
samaBijan,jan,
samaBitarj,tarj,
samaBityaj,tyaj,
samaBidru,dru,
samaBiDAv,DAv,
samaBiDyE,DyE,
samaBinand,nand,
samaBipat,pat,
samaBipad,pad,
samaBipAl,pAl,
samaBipIq,pIq,
samaBipUj,pUj,
samaBiprekz,Ikz,
samaBiplu,plu,
samaBiBAz,BAz,
samaBiyA,yA,
samaBiyAc,yAc,
samaBiraYj,raYj,
samaBiruh,ruh,
samaBilaz,laz,
samaBivAYC,vAYC,
samaBivIkz,Ikz,
samaBivft,vft,
samaBivfD,vfD,
samaBivfz,vfz,
samaBivyAhf,hf,
samaBiSuB,SuB,
samaBizic,sic,
samaBizwu,stu,
samaBizWA,sTA,
samaBizyand,syand,
samaBisaMDA,DA,
samaBisf,sf,
samaBihf,hf,
samaBI,i,
samaByatikram,kram,
samaByarc,arc,
samaByarT,arT,
samaByavagA,gA,
samaByave,i,
samaByas,as,
samaByAgam,gam,
samaByAgA,gA,
samaByAdA,dA,1
samaByAnI,nI,
samaByutTA,sTA,
samaByudDf,hf,
samaByupe,i,
samaBye,i,
samam,am,
samayAkf,kf,
samayIkf,kf,
samarc,arc,
samarT,arT,
samalaMkf,kf,
samalIkf,kf,
samav,av,
samavakF,kF,
samavakzip,kzip,
samavagam,gam,
samavaguh,guh,
samavacCad,Cad,
samavadiS,diS,
samavado,do,
samavadru,dru,
samavaDA,DA,
samavanI,nI,
samavapIq,pIq,
samavabuD,buD,
samavamfS,mfS,
samavaruD,ruD,
samavalamb,lamb,
samavalI,lI,
samavalok,lok,
samavasf,sf,
samavasfj,sfj,
samavaso,so,
samavAp,Ap,
samavArj,fj,
samave,i,
samavekz,Ikz,
samaveza,kf,
samaS,aS,
samaS,aS,
samas,as,
samas,as,
samAkarR,karR,
samAkANkz,kANkz,
samAkf,kf,
samAkfz,kfz,
samAkF,kF,
samAkrand,krand,
samAkram,kram,
samAkrIq,krIq,
samAkzip,kzip,
samAKyA,KyA,
samAgam,gam,
samAGrA,GrA,
samAcakz,cakz,
samAcar,car,
samAci,ci,1
samAcCad,Cad,
samAcCid,Cid,
samAtan,tan,
samAdA,dA,
samAdiS,diS,
samAdru,dru,
samADA,DA,
samADAv,DAv,
samADmA,DmA,
samADyE,DyE,
samAnI,nI,
samAp,Ap,
samApat,pat,
samApad,pad,
samApA,pA,
samApU,pU,
samApyE,pyE,
samAplu,plu,
samABA,BA,
samABAz,BAz,
samABuj,Buj,
samABf,Bf,
samAmantr,mantr,
samAmnA,mnA,
samAyam,yam,
samAyA,yA,
samAyu,yu,
samAyuj,yuj,
samAraB,raB,
samArAD,rAD,
samAruh,ruh,
samAlap,lap,
samAlaB,laB,
samAlamb,lamb,
samAliK,liK,
samAliNg,liNg,
samAlip,lip,
samAlok,lok,
samAloc,loc,
samAvad,vad,
samAvap,vap,
samAvas,vas,5
samAvah,vah,
samAviS,viS,
samAvf,vf,
samAvfj,vfj,
samAvft,vft,
samAve,ve,
samAvyaD,vyaD,
samAvraj,vraj,
samASaMs,SaMs,
samASri,Sri,
samASru,Sru,
samASliz,Sliz,
samASvas,Svas,
samAs,As,
samAsaYj,saYj,
samAsad,sad,
samAsic,sic,
samAsfj,sfj,
samAsev,sev,
samAskand,skand,
samAstf,stf,
samAsTA,sTA,
samAhan,han,
samAhf,hf,
samAhve,hve,
sami,i,
saminD,inD,
saminv,inv,
samIkf,kf,
samIkz,Ikz,
samIj,Ij,
samIpIkf,kf,
samIpIBU,BU,
samIBU,BU,
samIz,Iz,
samIh,Ih,
samukz,ukz,
samuc,uc,
samuccar,car,
samuccal,cal,
samucci,ci,
samucCad,Cad,
samucCal,Sal,
samucCid,Cid,
samucCuz,Suz,
samucCri,Sri,
samucCvas,Svas,
samujjfmB,jfmB,
samujjval,jval,
samujJ,ujJ,
samutkfz,kfz,
samutkram,kram,
samutkzip,kzip,
samutKan,Kan,
samuttF,tF,
samutTA,sTA,
samutpaw,paw,
samutpat,pat,
samutpad,pad,
samutplu,plu,
samutsah,sah,
samutsfj,sfj,
samutsfp,sfp,
samud,ud,
samudaYc,aYc,
samudAgam,gam,
samudAcar,car,
samudAvah,vah,
samudAhf,hf,
samudi,i,
samudIkz,Ikz,
samudIz,Iz,
samudgam,gam,
samudguYj,guYj,
samudgrah,grah,
samudGfz,Gfz,
samuddiS,diS,
samuddyut,dyut,
samuddru,dru,
samudDA,hA,
samudDU,DU,
samudDf,hf,
samudDfz,hfz,
samudbfh,bfh,
samudBU,BU,
samudyam,yam,
samudyA,yA,
samudvah,vah,
samudvij,vij,
samudvIkz,Ikz,
samunnad,nad,
samunnam,nam,
samunnah,nah,
samunnI,nI,
samunmajj,majj,
samunmiz,miz,
samunmIl,mIl,
samunmUl,mUl,
samunmfj,mfj,
samupakfz,kfz,
samupakxp,kxp,
samupakram,kram,
samupagam,gam,
samupaguh,guh,
samupaGrA,GrA,
samupaci,ci,
samupajan,jan,
samupajYA,jYA,
samupadiS,diS,
samupadru,dru,
samupaDA,DA,
samupaDAv,DAv,
samupanI,nI,
samupanyas,as,
samupapad,pad,
samupaBuj,Buj,
samupayA,yA,
samupayuj,yuj,
samuparuj,ruj,
samuparuD,ruD,
samupalakz,lakz,
samupalaB,laB,
samupavas,vas,
samupavah,vah,
samupaviS,viS,
samupavft,vft,
samupaSam,Sam,
samupaSru,Sru,
samupasaMhf,hf,
samupasad,sad,
samupasf,sf,
samupasfp,sfp,
samupasev,sev,
samupasTA,sTA,
samupaspfS,spfS,
samupahf,hf,
samupahve,hve,
samupAkf,kf,
samupAgam,gam,
samupAcar,car,
samupAdA,dA,
samupAnI,nI,
samupAyA,yA,
samupAruh,ruh,
samupArj,arj,
samupAviS,viS,
samupAS,aS,
samupAs,As,
samupAsTA,sTA,
samupAhf,hf,
samupe,i,
samupekz,Ikz,
samupoz,uz,
samubj,ubj,
samuB,uB,
samullaNG,laNG,
samullas,las,
samulliK,liK,
samullup,lup,
samuz,uz,
samUh,Uh,
samf,f,
samfdDIkf,kf,
samfD,fD,
samfz,fz,1
same,i,
samej,ej,
sameD,eD,
samer,Ir,
sampaW,paW,
sampat,pat,
sampad,pad,
samparikIrt,kIrt,
samparikram,kram,
sampariKyA,KyA,
samparigrah,grah,
samparicar,car,
samparituz,tuz,
samparityaj,tyaj,
sampariplu,plu,
sampariBU,BU,
samparimud,mud,
samparirakz,rakz,
sampariraB,raB,
samparivf,vf,1
samparivft,vft,
sampariSri,Sri,
samparizvaYj,svaYj,
samparihf,hf,
samparI,i,
sampaS,paS,
sampA,pA,1
sampAl,pAl,
sampiRq,piRq,
sampiz,piz,
sampIq,pIq,
sampuwIkf,kf,
sampuz,puz,
sampU,pU,
sampfc,pfc,
samprakamp,kamp,
samprakAS,kAS,
samprakf,kf,
samprakfz,kfz,
samprakram,kram,
samprakliS,kliS,
samprakzip,kzip,
samprakzuB,kzuB,
sampragAh,gAh,
sampragF,gF,1
sampragE,gE,
sampragrah,grah,
sampraGfz,Gfz,
sampracakz,cakz,
sampracar,car,
sampraci,ci,1
sampracCid,Cid,
sampraC,praC,
samprajan,jan,
samprajYA,jYA,
samprajval,jval,
sampraRad,nad,
sampraRam,nam,
sampraRaS,naS,
sampraRiDA,DA,
sampraRI,nI,
sampraRud,nud,
sampratark,tark,
sampratigrah,grah,
sampratijYA,jYA,
sampratinand,nand,
sampratipad,pad,
sampratiBA,BA,
sampratiBAz,BAz,
sampratiziD,siD,
sampratizWA,sTA,
sampratI,i,
sampratIkz,Ikz,
sampratIz,iz,
sampratuz,tuz,
sampratF,tF,
sampradah,dah,
sampradA,dA,1
sampradiS,diS,
sampraduz,duz,
sampradru,dru,
samprapad,pad,
samprabAD,bAD,
samprabuD,buD,
sampraBA,BA,
sampraBAz,BAz,
sampramaT,maT,
sampramuc,muc,
sampramuh,muh,
sampramokz,mokz,
samprayat,yat,
samprayam,yam,
samprayA,yA,
samprayAc,yAc,
samprayuj,yuj,
samprayuD,yuD,
sampraruc,ruc,
sampralI,lI,
sampravac,vac,
sampravad,vad,
sampravip,vip,
sampraviS,viS,
sampravft,vft,
sampravfD,vfD,
samprave,ve,
sampraSAs,SAs,
samprasad,sad,
samprasah,sah,
samprasU,sU,2
samprasfp,sfp,
samprasTA,sTA,
sampraspfS,spfS,
samprasru,sru,
samprahas,has,
samprahA,hA,3
samprahf,hf,
samprahfz,hfz,
samprAp,Ap,
samprArT,arT,
samprAS,aS,
samprI,prI,
sampre,i,
samprekz,Ikz,
samprer,Ir,
samprez,iz,
samprokz,ukz,
samprorRu,UrRu,
samplu,plu,
sambanD,banD,
sambAD,bAD,
sambuD,buD,
sambfh,bfh,1
sambfh,bfh,2
sambrU,brU,
samBakz,Bakz,
samBaj,Baj,
samBaYj,BaYj,
samBal,Bal,
samBA,BA,
samBAz,BAz,
samBid,Bid,
samBuj,Buj,3
samBU,BU,
samBUz,BUz,
samBf,Bf,
samBraMS,BraMS,
samBram,Bram,
samBraS,BraS,
samBrAj,BrAj,
sammad,mad,
samman,man,
sammantr,mantr,
sammand,mand,
sammA,mA,3
sammi,mi,1
sammil,mil,
sammIl,mIl,
sammuKIkf,kf,
sammuKIBU,BU,
sammuc,muc,
sammurC,murC,
sammuz,muz,
sammuh,muh,
sammfj,mfj,
sammfR,mfR,
sammfd,mfd,
sammfS,mfS,
sammokz,mokz,
saralIkf,kf,
sarasIkf,kf,
sarpIBU,BU,
saviDIkf,kf,
saviDIBU,BU,
sahAyIBU,BU,
sahArTIBU,BU,
sAkzAtkf,kf,
sAkzAdBU,BU,
sAkzimAtrAkf,kf,
sAkzIkf,kf,
sAkzIBU,BU,
sAcIkf,kf,
sAtmIBU,BU,
sADanIkf,kf,
sADAraRIkf,kf,
sAndrIBU,BU,
sArasvatOzaDIBU,BU,
sArTIkf,kf,
sAvaDAnIkf,kf,
sAvaDAnIBU,BU,
sAvayavIkf,kf,
siMhIkf,kf,
siMhIBU,BU,
sitIkf,kf,
suKAkf,kf,
suguptIkf,kf,
suDIkf,kf,
suPalIkf,kf,
sumanIkf,kf,
sumanIBU,BU,
suraBIkf,kf,
suvarRIBU,BU,
susajjIkf,kf,
sUkzmIkf,kf,
sUtrIkf,kf,
sfkkf,kf,
somIkf,kf,
skanDIkf,kf,
stamBIBU,BU,
starIkf,kf,
sTapuwIkf,kf,
sTalapaTIkf,kf,
sTalIBU,BU,
sTAyIBU,BU,
sTirIkf,kf,
sTirIBU,BU,
spazwIkf,kf,
sPArIBU,BU,
sPItIkf,kf,
sPuwIkf,kf,
sPuwIBU,BU,
smarezuDIkf,kf,
svagAkf,kf,
svapatIkf,kf,
svarasIkf,kf,
svalpIBU,BU,
svasTIkf,kf,
svasTIBU,BU,
svAgatIkf,kf,
svAdUkf,kf,
svAyattIkf,kf,
svASliz,Sliz,
svIkf,kf,
hastIkf,kf,
hastekf,kf,
himIkf,kf,
huMkf,kf,
hetUkf,kf,
