L,betacode,index
4,A),1
4,A)N,2
92,W)=MOS,1
92,A)/SILLA,2
114,A)/XOS,1
114,E)GGU/S,2
120,A)/XNUMAI,1
120,A)/XOS,2
120,A)/GOS,3
128,E)GGU/S,1
431,A)/CWN,1
635,O)/SSE,1
635,O)/KTALLOS,2
1212,A)/KRON,1
1427,A)GKA/S,1
1427,A)GKA/LH,2
1427,?,3
1427,O)/GKOS,4
1459,A)/GKOS,1
1476,A)/GKISTRON,1
1691,A)/GGELOS,1
1691,A)/GGAROS,2
1927,A)/GW,1
1932,AI)/C,1
1932,AI)GO/S,2
2238,O)/GMOS,1
2240,A)GRO/S,1
2564,E)/TI,1
2564,A)NTI/,2
3575,E)/DW,1
4782,A)/NEMOS,1
5143,A)NAFH/,1
5386,A)/NIPPOS,1
7915.10,A)/NTA,1
7915.10,A)NTI/,2
8322.10,A)NTI/,1
8386,E)/NTERON,1
8464,A)/NQOS,1
8567,A)/LLOS,1
8567,A)/LGO-S,2
8567,E)/NIOI,3
8930.20,D,1
8930.30,A)FRO/S,1
8962.10,A)PO/,1
9129,A)PO/TISIS,1
10132,E)PI/,1
10890,KO/LPOS,1
11185.60,A)MFI/,1
13688.80,O)/MBROS,1
14105.10,*)AMITROXA/THS,1
14571,O)/MBROS,1
14600,O)/BRIMOS,1
14600,O)/MBRIMOS,2
14876,A)IZH/IOS,1
15171.10,A)/RA,1
15328,E)RE/THS,1
15328,E)RETMO/N,2
16370.10,O)RFANO/S,1
16483,A)/RXW,1
16938,A)I/W,1
16952,AU),1
16952,AU)TO/S,2
16952,AU)=,3
16952,AU)=QI,4
18613,O)/I+-S,1
19766,KA/MINOS,1
19823,DA/KRU,1
19869.80,I(/PPOS,1
20173,O)KTW/,1
20353,E)S-TI/,1
21322,A)/STRON,1
21322,A)STH/R,2
21382,O)STE/ON,1
21493.10,H(MA=S,1
21604,A)/U+PNOS,1
21660,E)GW/,1
21758,NUXQH/MERON,1
21811,E)/XI-S,1
21811,E)/XIDNA,2
21811,E)/GXELUS,3
21811,O)/FIS,4
21881,O)/FIS,1
21881,*PU/QWN,2
22295,*AI)GO/KERWS,1
22620,A)/GOS,1
23472,A)U+TMH/N,1
23472,?,2
24743,A)/FENOS,1
24743,A)FNEIO/S,2
25042,A)PO/KLIMA,1
25408,W)MO/S,1
25924,AI)E/S,1
25924,AI)W/N,2
26017,*)/ARHS,1
26146,H)RE/MA,1
26146,E)/RHMOS,2
26454,KORW/NH,1
27143,E)C,1
27516,W)KEANO/S,1
27521,W)KU/S,1
27521,W)/KISTOS,2
27851,H(=,1
27851,S1,2
27851,MAI,3
27851,H(=S,4
27851,TAI,5
28217,*)AFRODI/TH,1
28539,EI)=-MI,1
28539,I)/-MEN,2
28635,EI)/KW,1
28635,OI)/XOMAI,2
28789,I)XQU/S,1
28938,G,1
29258,AI)/QW,1
29258,I)QARO/S,2
29258,AI)QH/R,3
29258,*AI)/TNH,4
29304,E)L-E/FAS,1
29396,E)LA/W,1
29467,I)O/S,1
29516,I)O/-THS,1
29516,I(/MEROS,2
29613,I(ERO/S,1
29668.50,I)QA%26,1
29668.50,I)QAI,2
29668.50,I)QA-GENH/S,3
29668.50,I)QAI-GENH/S,4
29744,LIK,1
29744,U(MH=LIC,2
29744,LIKO,3
29744,?,4
29746,LIK,1
29746,U(MH=LIC,2
29746,LIKO,3
29746,?,4
30072,U(GRO/S,1
30072,U(GRO/THS,2
30072,U(GRAI/NW,3
30130,U(GI-H/S,1
30130,U(GI/EIA,2
30550,*)OZH/NH,1
31041,*B,1
31178,U(/STEROS,1
32059,U(/DWR,1
34067.50,U(PO/,1
35521.60,U(PE/R,1
35621,W)/PALOS,1
35647,U(POLAMBA/NW,1
35659,U(PO/LHYIS,1
37052,A)/MFW,1
37303,EU)RU/S,1
37303,EU)RU/NW,2
37465.10,O)L-OLUG-AI/A,1
37721,FOI=BOS,1
37727,H)W/S,1
37975.40,OU)=QAR,1
38037,O)RGA/W,1
38091,U(F-AI/NW,1
38092.40,E)/R-I-ON,1
38120,O)RQO/S,1
38410,O)/R-NU-MI,1
38410,E)R-E/-THS,2
38410,A)RO/-W,3
38660,A)/RKTOS,1
38800,O)RE/GW,1
38845,A)RGO/S,1
38845,A)/RGUROS,2
38849,O)RE/-GW,1
38965,A)LFEI=N,1
39001,E)/RSH,1
39001,A)/Y-ORROS,2
39001,PALI/N-ORSOS,3
39020,A)/RSHN,1
39168,OI)-N-O/S,1
39168,OI)=OS,2
40094,OI)=MOS,1
40094,OI)/MH,2
40107,AI)QO/S,1
40107,AI)=QOS,2
40112.20,E(/N,1
40112.20,OI(=OS,2
40119,AI)NO/S,1
40134,AI)=RA,1
40188,AI)E/S,1
40188,AI)W/N,2
40633,U(G-IE/S,1
40633,AU)G-H/,2
40633,E)RI-AUGH/S,3
41336.10,PO/QEN,1
41336.10,PW=S,2
41336.10,KO/QEN,3
41336.10,KW=S,4
41336.10,TI/S,5
41336.10,TI/,6
41598,KAXA/ZW,1
41598,KAGXA/ZW,2
42358,KENTE/W,1
42358,KESTO/S,2
42358,KE/STRON,3
42653.10,PO/TEROS,1
42653.10,KO/TEROS,2
42655.10,PO/STOS,1
42667,PO/STOS,1
42873,KE/DROS,1
42894.60,KO/TE,1
42894.60,PO/TE,2
42917,KANAYH/,1
43184,KE/NTRWN,1
43198,KO/NDOS,1
43198,KONDU/LOS,2
43348,KA/MPH,1
43396,KWPH/,1
43396,KEFALH/,2
43442,KH/POS,1
43442,KEI=POS,2
43442,KH/BOS,3
43756,KEN,1
43913,KA/MPTW,1
44398,KA/RUON,1
44398,KE/RAS,2
44398,KARKI/NOS,3
44661,KARKI/NOS,1
44711,KRO/KH,1
44711,KROKA/LH,2
45201,KA/RPASOS,1
45730,KA/LAMOS,1
45772,KA/LIC,1
46271,KALO/S,1
46728,KEWRE/W,1
46728,KA/SSA,2
46882,KASSI/TEROS,1
46883.10,KA/STWR,1
47893,*KAMBISQOLOI/,1
49386,KH/R,1
50405,KINU/RA,1
50470,KU/MBALON,1
51392.10,KOXW/NH,1
52094,KONTO/S,1
52241,KUFO/S,1
52241,KU/PTW,2
52267,*KWPH/N,1
52511,KU/MBH,1
53026,KAT',1
53026,E)COXH/N,2
53768,KO/KKU,1
53778,KWKU/W,1
53947,KU/PH,1
54067,KLE/MMUS,1
54067,XE/LUS,2
54067,XELW/NH,3
54148,KRAI/NW,1
54148,KRO/NOS,2
54777,KEI/RW,1
54777,KA/RSIS,2
55021,KOLOSSO/S,1
55021,KOLOK,2
55021,O/S,3
55567,KERA/NNUMI,1
55567,KI/RNHMI,2
55753,KE/NTRON,1
55763,KENO-DRO/MOS,1
56539,*KRO/NOS,1
57304,SKORPI/OS,1
57662,KRA/TOS,1
57913,KA/MHLOS,1
57921,KRE/AS,1
57979,KRIO/S,1
58088,PRI/AMAI,1
58088,PE/RNHMI,2
58231,KO/TOS,1
58298,KRW/ZW,1
58298,KRA/ZW,2
58298,KRAGGH/,3
58542,KLA/ZW,1
58681,PNEU/MWN,1
58681,PLEU/MWN,2
58916,KTEI/NW,1
58916,KAI/NW,2
58916,CAI/NW,3
58916,SI/NOMAI,4
58916,CI/NOMAI,5
58997,KNE/FAS,1
59035,XQW/N,1
59036,XAMAI/,1
59036,XQAMALO/S,2
59068.10,XAMA=-ZE,1
59068.10,XAMA/-QEN,2
59102,XQO/NIOS,1
59266,KTA/OMAI,1
59272,KTI/ZW,1
59376,FQI/-NW,1
59376,FQI/-SI-S,2
59439,FQI-TO/-S,1
59567,KRAIPNO/S,1
59877,CU/W,1
59877,CE/W,2
59877,CE/VW,3
59877,CUSTO/S,4
59877,CESTO/S,5
60043,*)OCUDRAKOI,1
60128,KOU=FOS,1
60158,CURO/N,1
60596,CU/W,1
60596,CURO/N,2
60691,XA/OS,1
60884,SKA/ZW,1
61265,XAI/NW,1
61265,XANW=,2
61265,XW/NNUMI,3
61355,E)SXA/RA,1
61646,XALINO/S,1
61905,KH=DOS,1
62099,XWLO/S,1
63295,KE/NTAUROS,1
63295,KENQARVO-S,2
63409,BA/SK-W,1
63409,BAI/NW,2
63976,DELFO/S,1
64493,BI/BHMI,1
64493,E)/BHN,2
65067,GH=RUS,1
65883,KEU/QW,1
66013,BARU/S,1
66808,GHRU/W,1
66808,GLW=SSA,2
66884.64,BOU=S,1
66884.64,GAI=A,2
66884.64,GH=,3
68428,GUNH/,1
68437,KLW/QW,1
68546,GRA/W,1
69209,GE,1
69433,FO/NOS,1
69640,QERMO/S,1
69640,QE/RMH,2
70283,TE,1
70283,TE,2
70365,KU/KLOS,1
71131,TE/SSARES,1
71131,TE/TTARES,2
71131,PI/SURES,3
71236.10,TE/TRAXA,1
71353,TE/TARTOS,1
71370,TETRAI+KO/S,1
71479,TESSARA/KONTA,1
71661,*SANDRO-KUPTOS,1
71661,*SANDRO-KOTTOS,2
72171,KI/W,1
72171,KI,2
72173,PE/LOMAI,1
72173,A)MFI/-POLO-S,2
72173,A)NA-TOLH/,3
72546,PE/LMA,1
72587,KE/LLW,1
72587,O)KE/LLW,2
72587,KE/LHS,3
73035,TI/W,1
73035,?,2
73366,TI/NOMAI,1
73366,TINA/,2
73366,TI/W,3
73366,TI/SIS,4
73366,POINH/,5
74573,SPEU/DW,1
74573,SPOUDA/ZW,2
75314,A)POKLI/MATA,1
75751,SKA/ZW,1
75839,SKIA/,1
75907,SXI/ZW,1
75907,SXI/DH,2
76631,GASTH/R,1
76735,GI/GNOMAI,1
76961,GENETH/R,1
76961,GENE/TEIRA,2
77209,GAMFHLAI/,1
77636,GE/RWN,1
77665,GH=RAS,1
77689,GH=RAS,1
78427,E)GEI/RW,1
78564,-GETOS,1
78754,GNH/SIOS,1
78832,GO/NU,1
78925,DIA/METRON,1
79309,DI/DUMOI,1
80017,GEU/OMAI,1
80091,ZUGO/N,1
80154,GH=RUS,1
80177,GENNAI=OS,1
80318,GNOI/HS,1
80318,GNW=-QI,2
80374,GNWSTH/R,1
80523,BIA/W,1
80533,BI/A,1
80638,BIO/S,1
80785,FA/OS,1
80785,FW=S,2
80849,*ZEU/S,1
81612,*TA/CILA,1
81630,TE/KTWN,1
81797.10,TO/TE,1
81797.10,TO/QEN,2
82052.10,O(,1
82052.10,H(,2
82052.10,TO/,3
82220,TO/NOS,1
82226,TA/NOMAI,1
82226,TEI/NW,2
82286,TANU-,1
83313,TE/RHN,1
83406,A)/TRAKTOS,1
83764,TE/TTA,1
83837,TO/NOS,1
84730,TAU=ROS,1
84753,STI/ZW,1
84902,TE/TRAC,1
85879,*TUD-EU/-S,1
85921,TU/P-T-W,1
85921,TU/MPANON,2
86105,TLH=-NAI,1
86723,TE/RPW,1
86774,TE/RSOMAI,1
87286,*TOCO/THS,1
87332.20,ME/N,1
87332.20,MH/N,2
87337,SE/BETAI,1
87466.20,TRIS-KAI/-DEKA,1
87466.20,TREI=S-KAI/-DEKA,2
87510,TRE/W,1
87514,*FEREKU/DHS,1
87572,TREI=S,1
87640,TRI/-GWNON,1
87972,*TRI/POLIS,1
88580,TRI/TOS,1
88580,*TRI/TWN,2
88580,TRITO-GENH/S,3
88926.10,TOI,1
88987,TUK,1
88987,TUX,2
89231,DA/KNW,1
89306,DASU/S,1
89306,BARU/S,2
89342,DECIO/S,1
89565,DE/XOMAI,1
89571,DE/NDRO-N,1
89786,O)DO/NT,1
90246,DA/MNHMI,1
90246,DMW/S,2
90247.40,DW=,1
90248,DES-PO/THS,1
90249,DO/MOS,1
91063.10,DE/KA,1
91129,DEI=,1
91212,DI/DWMI,1
91227.70,DWTH/R,1
91227.70,DOTH/R,2
91425,DE/W,1
91425,DI/DHMI,2
91465,DH=MA,1
91465,DIA/-DHMA,2
91465,DEMNON,3
91465,KRH/-DEMNON,4
91702,DO/RU,1
91702,DRU=S,2
91851,DWK,1
91851,E)/-DWK-A,2
91851,DE/-DWK-A,3
92231.60,*ZEU/S,1
92231.60,?,2
92239,DIVO,1
92239,E)N-DIOS,2
92268,DIVES,1
92268,EU)DIE/STEROS,2
92268,EU)DIEINO/S,3
92268,EU)DIESNO/S,4
92382.85,DI=OS,1
92382.85,DIVIOS,2
92472,DEI/KNUMI,1
92597,DI/KH,1
92642,QIGGA/NW,1
92642,E)/-QIG-ON,2
92642,TEI=XOS,3
92642,TOI=XOS,4
92645,DI/EMAI,1
92645,DI/NH,2
92645,DINEU/W,3
92645,DI=NOS,4
92646,DE/ATO,1
92646,DE/ELOS,2
92646,DH=LOS,3
92763,DHNA/RION,1
92977,DULIXO/S,1
93281,DU/W,1
93281,DU/NW,2
93281,DEU/OMAI,3
93282,DAI/W,1
93282,DAVIW,2
93282,DU/H,3
94173,DUS-MENH/S,1
94676.10,DUS-,1
94717,DORUFORI/A,1
94848,A)ME/LGESQAI,1
94852,QUGA/THR,1
95216,DE/KANOS,1
95229,DE/RMA,1
95263,DE/RKOMAI,1
95263,DE/DORKA,2
95263,E)/DRAKON,3
95315,DRA,1
95315,DRAK,2
95315,U(PO/DRA,3
95496,DE/RW,1
95496,DAI/RW,2
96504,DAH/R,1
97464,DUTO/N,1
97543,E)/-DRAM-ON,1
97543,DE/-DROM-A,2
97543,DRO/MOS,3
97550,DRAXMH/,1
97755,DI-DRA/-SKW,1
97755,DRA=NAI,2
98000,E)/DRAQON,1
98101.20,DU/O,1
98101.20,DU/W,2
98101.20,DI,3
98101.20,*DIVO/S,4
98138.60,DOI/OS,1
98210,DW/-DEKA,1
98312,QU/RA,1
98958,DI/S,1
98962,O)-DU/S-ATO,1
100554,QEV,1
100554,QE/W,2
100554,QEU/SOMAI,3
100554,QOO/S,4
100607,QE-,1
100607,QH-,2
100607,TI/QHMI,3
100616,QH/KH,1
100724,QETH/R,1
100876,QHMON,1
100876,EU)-QH/MWN,2
100876,QAMA/,3
100876,QWMO/S,4
101481,QU/W,1
101481,QU/NW,2
101481,QUMO/S,3
101815,QRO/NOS,1
101815,QRA=-NOS,2
101815,?,3
101933,QA/RSOS,1
101933,QARSI/W,2
102003,QH/-SASQAI,1
102003,GALA-QHNO/S,2
102003,QH-LH/,3
102621.20,NH-,1
102773,NU/C,1
102941,O)/NUC,1
102941,O)-NUX,2
103696,NE/PODES,1
103696,A)NEYIO/S,2
103761,NE/FOS,1
103761,NEFE/LH,2
103825,NE/MW,1
103825,NE/MOS,2
103825,NO/MOS,3
104483.10,NE/OS,1
104483.10,NE/VOS,2
104741,E)NNE/A,1
104741,E)-NVEA,2
104741,E)-NEVA,3
104760,NEK-RO/S,1
104827,NW=I+,1
104827,NW/,2
104828,NE/,1
104828,S1,2
104828,MAI,3
104828,NA-,4
104828,S1,5
104828,I/W,6
104828,NO/S-TOS,7
105836,O)/-NOMA,1
106312.10,E)-NI/,1
108251,NI/ZW,1
108251,NIG-ZW,2
108313,KALLI/PUGOS,1
108659,O)/-NEIDOS,1
111301,TAPEI/NWMA,1
111695,*NELKU/NDA,1
111758.30,NU/,1
111758.30,NU=N,2
111813,A)-NHR,1
111813,-NER,2
112620,NAU=S,1
112620,NAU/-THS,2
113414,PE/SSW,1
113414,PEK-,2
113414,W,3
113507,PH/GNUMI,1
113508,PHGO/S,1
114152,PE/MPTOS,1
114155,PE/NTE,1
114155,PE/MPE,2
114203,PENTH/KONTA,1
114645,E)PANAFORA/,1
114698,PE/TOMAI,1
114698,PI/-PTW,2
114860,PTERO/N,1
114860,PETERO/N,2
115019,PO/SIS,1
115069,PO/TNIA,1
115152,PA/TOS,1
115200,POU/S,1
115200,POD-O/S,2
115234,PE/DON,1
116048,PE/RA%26,1
116048,PE/RA%26N,2
116723,PE/LEKUS,1
116723,PE/LEKKON,2
117009.55,PERI/,1
118542,PERO/OIDE,1
119423,PE/RUTI,1
119423,PE/RUSI,2
119581,PE/RDW,1
120075,FA/LKHS,1
120245,PELITNO/S,1
120245,POLIO/S,2
120341,PHLO/S,1
120781,PE/OS,1
120781,PE/SOS,2
120795,PE/-PW-KA,1
120795,PW/-NW,2
120795,PI/NW,3
120935,PA/-OMAI,1
120935,PE/-PA-MAI,2
120935,PW=-N,3
121436,PALA/MH,1
121862,PARQE/NOS,1
122887,PARQE/NOS,1
123991,PATH/R,1
124172,PA/TRWS,1
124422,POIKI/LOS,1
124541,PTI/SSW,1
124938,PI/WN,1
124938,PI/VWN,2
124938,?,3
124952,PI=AR,1
125502,PAI=S,1
125763,PALI/MPAIS,1
125903.40,PA/ROS,1
126133,PO/LIS,1
126134.20,KAT' E)COXH/N,1
126305,POLU/,1
126866,*PEUKELAW=TIS,1
127266,A)/NQOS,1
127307,PU=R,1
127469,PU/ON,1
127469,PU/QW,2
128300,PERA/W,1
128300,PO/ROS,2
128300,POREU/ESQAI,3
128549,PLATU/S,1
128732,PERKNO/S,1
128909,PI/MPLHMI,1
129291,*PATA/LA,1
129752.50,PRO/,1
130885.14,D,1
131398.76,PROTI/,1
131398.76,POTI/,2
131398.76,PRO/S,3
135694,*PROMHQEU/S,1
136718.55,PRHNH/S,1
138761,PLH/-RHS,1
139778.20,PRWI+/,1
141462,SPLH/N,1
141462,SPLA/GXNON,2
141468,PLE/W,1
141468,PLEVW,2
141468,PLU/NW,3
141493,PLO/OS,1
141493,PLOVOS,2
141493,PLOI=ON,3
142512,PENQERO/S,1
142512,PEI=SMA,2
142871,FRU/NH,1
142871,FRU=NOS,2
144925,PA=XUS,1
144925,PH=XUS,2
145014,A)GKWN,1
145569,PUQ,1
145569,FUQ,2
145569,PUNQA/NOMAI,3
145569,PUQE/SQAI,4
145965,PUQMH/N,1
146567,D,1
147530,BREKEKEKE/C,1
147598,FAGEI=N,1
147598,FA%26GO/S,2
147598,FHGO/S,3
147764,*BAGAI=OS,1
148872,*BARU/GAZA,1
148896,FLE/GOS,1
149418,FHMI/,1
149418,FA/SKW,2
151217,FEU/GW,1
151434,FU/RW,1
151434,PORFU/RW,2
151456,FU/W,1
151456,E)/FUN,2
152494,FE/RW,1
152554,OI( *FLEGU/AI,1
153489,FRU/GW,1
153524,BRE/MW,1
153678,FLE/GW,1
153679,FLO/C,1
153710,FRA/THR,1
153771,O)-FRU/S,1
153874.40,E)-ME/,1
153874.40,ME/,2
154058,MAXE/OMAI,1
154607,MA/NNOS,1
154607,MO/NNOS,2
155187,MI/NQH,1
155288,MADA/W,1
155792,ME/QU,1
155792,ME/QH,2
156367,ME/SSOS,1
156367,ME/SOS,2
156367,ME/QIOS,3
156626,ME/NW,1
156626,ME/MONA,2
156781,ME/NOS,1
157236,*ME/NTWR,1
158148,SMA/RAGDOS,1
158195,H,1
158299,MARMAI/RW,1
158469,MORTO/S,1
158469,BROTO/S,2
158578,MORMU/RW,1
158647,ME/LAS,1
159151,ME/G-AS,1
159515,*MAA/GRAMMON,1
161686.05,MH/,1
161697,ME/TRON,1
161697,METRE/W,2
162253,MA/THR,1
162253,MH/THR,2
163895.10,MH/N,1
163895.10,MH/NH,2
164487,MI/SGW,1
164487,MI/GNUMI,2
164576,O)MIXEI=N,1
164607,MINU/W,1
165082,MU/SSW,1
165082,MU=KOS,2
165082,MUKTH/S,3
165759,*MAROU=NDAI,1
165888,MU/SXON,1
166550,MU=S,1
166607,BROTO/S,1
166607,MROTO/S,2
166956,L,1
167121,O)-MO/RGNUMI,1
167121,A)-ME/RGW,2
167121,A)-ME/LGW,3
167219,A)-MALD-U/NW,1
167296,BRADU/S,1
168106,MESOURA/NHMA,1
168976,O(/S,1
168976,H(/,2
168976,?,3
168998,H(=HPAR,1
169114,A(GNO/S,1
169114,A)/GOS,2
169114,A(/ZOMAI,3
169627.70,O(/TI,1
170258,ZHMI/A,1
170654,ZEIA/,1
171002,ZE/W,1
171346,W(S,1
171366,EI)NA/THR,1
171731,ZEU/GNUMI,1
171731,ZUGO/N,2
172012,U(S-MI/NH,1
172211,U(/MMES,1
172211,U(SMES,2
173050,A)-LE/CW,1
173050,A)RKE/W,2
173342,R(E/ZW,1
173342,R(EGEU/S,2
173975,E)/-REBOS,1
174928,H)RE/MA,1
174928,E)/RAMAI,2
174928,E)RATO/S,3
175925,LAQ,1
175925,LANQA/NW,2
177186,G,1
177947,R(IFH/,1
177975,LEI/PW,1
177975,LOIPO/S,2
178213,W)RU/OMAI,1
178244,LEUKO/S,1
178244,A)MFILU/KH,2
178446,LUGRO/S,1
178829,E)RUQRO/S,1
178829,E)/REUQOS,2
178916,LU/SSA,1
179993,E)REU/GEIN,1
179993,E)RUGH/,2
180080,A,1
180080,B,2
180080,G,3
180080,D,4
180080,E,5
180112,A,1
180112,B,2
180112,G,3
180112,D,4
180112,E,5
180802,E)-LAXU/S,1
181039,E)-LA/XISTOS,1
181338,O)-LOF-U/ROMAI,1
181359,LA/F-URON,1
181359,LAMB-A/NW,2
181488,LOBO/S,1
182192,*LARIKH,1
182337,E)REI/KW,1
182615,A)-LEI/FW,1
182615,LIPARO/S,2
182695,LEPTH/,1
182726,LEI/XW,1
182999,A)LW/PHC,1
183125,LU/W,1
183200,LE/WN,1
184521,A)E/CW,1
184521,AU)CA/NW,2
184615,E)P,1
184615,VEP,2
184615,E)/POS,3
184615,O)/Y,4
184615,O)/SSA,5
185410.10,E)/TOS,1
185410.10,VE/TOS,2
185579,W)QE/W,1
186417,E)ME/W,1
186417,VEME/W,2
186613,EU)=ROS,1
186668,*OU)RANO/S,1
186742,E)/LUTRON,1
186742,VELUTRON,2
186745,R(U/TWR,1
186745,VERUTWR,2
187539,O)/RTUC,1
187539,O)RTUGI/A,2
187981,E)E/RSAI,1
188394,E(KW/N,1
188394,FEKWN,2
188560,E)/AR,1
188560,FESAR,2
188675,Z,1
188974,W)=NOS,1
188974,FOS-NOS,2
188974,W)NH/,3
188974,W)NE/OMAI,4
188997,KENTE/W,1
188998,E(/NNUMI,1
188998,VES-NUMI,2
189238,O)/XOS,1
189238,VOXOS,2
189238,O)XE/OMAI,3
189436,A)/HMI,1
189436,VAHMI,2
190836,U(LO/BIOI,1
191408,OU)=RON,1
191408,OU)RE/W,2
191586,OU)RA/,1
192825,OI)WNO/S,1
192825,O)VIWNOS,2
193577.34,I,1
193577.34,A,2
193577.34,B,3
193577.34,G,4
193742,VI/KATI,1
193742,EI)/KOSI,2
194682,EI)/KW,1
195626,EI)=DON,1
195626,E)VIDON,2
195626,OI)=DA,3
195626,VOIDA,4
196460,H)I/QEOS,1
197768,*(/UFASIS,1
197768,*BI/PASIS,2
200376,OI)=KOS,1
200389,KAT',1
200389,E)COXH/N,2
201660,I)O/S,1
201660,VISOS,2
204114,LU/KOS,1
205556,I)TE/A,1
206448,*FA/SIS,1
210897,O)/PIS,1
210897,A)OSSHTH/R,2
211223,*ZAKASTH/NH,1
211402,SKW/R,1
211402,SKATO/S,2
211402,KO/PROS,3
211556,KO/GXH,1
211814,E(-KATO/N,1
211841.20,E(KATOMBAI=OS,1
211848,E(KATO/MBH,1
212073,L,1
212394,KO/TOS,1
212394,KOTE/W,2
212482,KAD,1
212482,KEKA/SMEQA,2
212482,KEKASME/NOS,3
212911,KA/MNW,1
213357,O)RE/S-KOIOS,1
213776,KI/RAFOS,1
213776,KO/RAFOS,2
214302,KEKH/N,1
214493,H(/PAS,1
217086,KE/RAS,1
217086,KA/RH,2
217501,*EU)MENI/DES,1
218170,KEI=SQAI,1
218170,KOI/TH,2
218177,KHKI/W,1
219943,AU)/W,1
219943,SAU/SW,2
220089,KENO/S,1
220089,KENEO/S,2
220089,KE/NNOS,3
220287,KU=ROS,1
220287,A)/-KU%26ROS,2
221333,A)KH/,1
222321,KARDI/A,1
222321,KRADI/H,2
222554,KLE/OS,1
222554,KLEVOS,2
222628,A,1
222628,B,2
222628,G,3
222647,KROUNO/S,1
222703,KRA%26TOS,1
222703,A)/-KRA%26TOS,2
222829,KLI/NW,1
222829,KLI/NH,2
222829,KLI=MAC,3
223393,KLU/W,1
223393,KLU=QI,2
223393,KLUTO/S,3
223723,KREI/WN,1
224195.10,KU/WN,1
224364,E(KURO/S,1
224942,E(/C,1
225563,PTU/W,1
225593,O(,1
225593,H(,2
225596.10,A(,1
225596.10,A(PLOU=S,2
228852,E(/POMAI,1
229504,W(/N,1
229504,E)W/N,2
229504,E)SWN,3
229842,E)TEO/S,1
230076.10,*)ETEOKLH=S,1
230505,I)/ZW,1
230505,SI/SDW,2
230573,E(/DOS,1
232210,SE/BOMAI,1
232210,SE/BAS,2
232431,E(PTA/,1
232765.10,E(/BDOMOS,1
232987,SU/N,1
232988,A(MO/S,1
232988,A)MO/S,2
233022,A(/MA,1
233022,O(MO/S,2
233022,O(MALO/S,3
237496,*)ERINNU/S,1
237699,O(RMH/,1
237786,O)REH-,1
237925,E(RPETO/N,1
238115,O(/LOS,1
238115,O(LVOS,2
239684,SKAIO/S,1
239967,I)/SXW,1
239967,SI-SXW,2
239967,E)/XW,3
239967,E)/-SXON,4
240499,XI/LIOI,1
240499,XESLOI,2
242484.10,H(MI-,1
242484.10,H(/MISUS,2
243722,I(-MA/S,1
243722,I(-MONI/A,2
244032,I)KMA/S,1
244769,A(,1
244769,A(/MENAI,2
244996,KASSU/W,1
244996,KATA-SUW,2
245094,SI=TOS,1
245120,MIN,1
245120,NIN,2
245120,PER,3
245331,EU)=,1
247107,KALLI/PUGOS,1
247204,SUNAFH/,1
247223,A)NDRO/S,1
247223,A)NH/R,2
248043,KALLI/PUGOS,1
248489,U(/MNOS,1
248996,*SO/ASTOS,1
249779,SU/RIGC,1
250172,KALLI/PUGOS,1
250743,U(=S,1
250743,SU=S,2
251838,O(RMH/,1
251838,O(RMA/W,2
251838,A(/LMA,3
251838,A(/LLOMAI,4
252008,E(/RPW,1
254077,SKA/NDALON,1
254307,STE/NW,1
254463,STE/MFULON,1
254463,STE/MBW,2
254463,STEI/BW,3
254576,STEI=ROS,1
254576,STE/RIFOS,2
254590,STEI/XW,1
254826,STU/FW,1
254826,STUFELO/S,2
254827,STU/POS,1
254842,STORE/NNUMI,1
254842,STRW/NNUMI,2
254859,A)STH/R,1
255154,STE/GW,1
255154,STE/GH,2
255154,TE/GOS,3
255204,STE/LLW,1
255204,STO/LOS,2
255316,I(-STA/NAI,1
255954,STH/LH,1
255985,TAU=ROS,1
256200,NA/W,1
256200,NA=MA,2
256456,NE/W,1
256456,NEU/SOMAI,2
256469,NUO/S,1
256488,SFENDO/NH,1
256488,SFADASMOS,2
256488,SFEDANO/S,3
256488,SFODRO/S,4
256550,SKE/P-TOMAI,1
256550,SKOP-H/,2
256551,SKW/Y,1
256554,SKOPO/S,1
256712,SPE/RXW,1
256796,SFAI=RA,1
256804,SFA/LLOW,1
256812,SFHLO/S,1
256846,PUGH/,1
256846,O)SFU/S,2
256968,SPAI/RW,1
256968,SFURO/N,2
257031,SFARAGE/OMAI,1
257042,SFA/RAGOS,1
257053,SFH/N,1
257075,FILOMMEIDH/S,1
257075,FILO-SMEIDHS,2
257075,MEI=DOS,3
257075,MEIDA/W,4
257112,ME/RMEROS,1
257621,R(E/W,1
257621,SREVW,2
257621,R(U/SIS,3
257781,E(/,1
257781,O(/,2
257781,SFO/S,3
258787,H(/DOMAI,1
258815,H(DU/S,1
258948,U(/P-NOS,1
259095.40,H)E/LIOS,1
259095.40,H)/LIOS,2
259481,E)/OR,1
259802,I(DRW/S,1
259868,SU=RIGC,1
260066,XH/N,1
260291,XE/ZW,1
260297,QEI/NW,1
260297,QA/NATOS,2
260297,FO/NOS,3
260297,E)/PEFNON,4
260297,PE/FATAI,5
260317,FATO/S,1
260473,GE/NUS,1
260473,GE/NEION,2
260473,GENEI/AS,3
260473,GNA/QOS,4
260781,QE/ROS,1
261604,O(RI/ZWN,1
261643,XAI/RW,1
262151,A)GOSTO/S,1
262949,U(PO/GEION,1
262971.10,DU/S,1
262971.10,XIMOS,2
262971.10,XIW/N,3
262971.10,XEIMW/N,4
263443,XU-,1
263443,XE/W,2
263443,XE/VW,3
263443,XULO/S,4
263443,XUMO/S,5
263456,B,1
263626,XEI/R,1
263665,KARDI/A,1
263665,KRADI/H,2
263912,U(DROXO/OS,1
264351,*(ERMH=S,1
264404,H(/LIOS,1
264596,W(/RA,1
264653,XQE/S,1
264687,XEREI/WN,1
264747,XA/LAZA,1
264827,KE/XLADA,1
264827,KAXLA/ZW,2
264875,GOA/W,1
